folder,frame_count,crop_size,radius_px,psd_mean,psd_norm
1,128,512,0,4.3655745685100555e-10,7.38088134546269e-22
1,128,512,1,31378145408.0,0.053051062228486025
1,128,512,2,21932059168.0,0.03708055465329576
1,128,512,3,30082757785.6,0.05086094906302048
1,128,512,4,30225547456.0,0.051102363703416795
1,128,512,5,17837534227.2,0.030157937187985404
1,128,512,6,8764045852.444445,0.014817381201018848
1,128,512,7,14788945962.666666,0.025003685920810252
1,128,512,8,24516952576.0,0.04145083655679058
1,128,512,9,18978668937.142857,0.03208725479809595
1,128,512,10,16093031868.235294,0.027208505282440665
1,128,512,11,12891073608.0,0.021794951208162935
1,128,512,12,21565885939.2,0.036461465204417065
1,128,512,13,23717373206.260868,0.040098986906370204
1,128,512,14,22665921780.363636,0.038321296915447965
1,128,512,15,23427306213.333332,0.03960857034757941
1,128,512,16,15527035578.666666,0.026251574782292557
1,128,512,17,14806000132.413794,0.025032519422878204
1,128,512,18,11977849640.533333,0.02025096252123859
1,128,512,19,9812795701.333334,0.016590503632956295
1,128,512,20,10257099038.967741,0.017341687735989913
1,128,512,21,7092185376.0,0.011990764999839934
1,128,512,22,8852216261.647058,0.014966451001177477
1,128,512,23,7879995933.257143,0.01332271710707478
1,128,512,24,5532061576.421053,0.009353062111430758
1,128,512,25,4791581098.666667,0.008101131017558282
1,128,512,26,4300187505.454545,0.007270331371715312
1,128,512,27,4468612629.853659,0.007555087900157551
1,128,512,28,3458954648.3809524,0.0058480581280621015
1,128,512,29,3693275338.6666665,0.006244224356503375
1,128,512,30,3338916203.574468,0.005645109007824552
1,128,512,31,2643509473.230769,0.0044693841443606405
1,128,512,32,2557985733.12,0.0043247890703167645
1,128,512,33,2543828819.6923075,0.004300853962443106
1,128,512,34,2688033184.5614033,0.004544660428211451
1,128,512,35,2267096093.5384617,0.003832981661994678
1,128,512,36,2165574578.7586207,0.0036613391341114854
1,128,512,37,2261611038.3157897,0.0038237080735731496
1,128,512,38,2188379369.0,0.003699895216074651
1,128,512,39,2091963028.6451614,0.003536884011763534
1,128,512,40,2021757378.1694915,0.003418187247383491
1,128,512,41,1926334558.1176472,0.003256855788855118
1,128,512,42,1926438085.8181818,0.003257030823243289
1,128,512,43,1837620424.8888888,0.003106866713934675
1,128,512,44,1821873839.3043478,0.0030802439457350388
1,128,512,45,1823233064.4705882,0.003082541989100545
1,128,512,46,1821922712.2162163,0.0030803265752166447
1,128,512,47,1775304943.3424656,0.003001509866156332
1,128,512,48,1707900845.128205,0.002887549689022726
1,128,512,49,1697698284.631579,0.0028703002096555227
1,128,512,50,1693006563.8095238,0.0028623679125087936
1,128,512,51,1700258632.691358,0.002874628992713915
1,128,512,52,1686940374.974359,0.0028521118008999146
1,128,512,53,1656996515.7209303,0.0028014856877259455
1,128,512,54,1607514712.493827,0.0027178267528830506
1,128,512,55,1608969876.4255319,0.002720287000016517
1,128,512,56,1605042318.8837209,0.0027136466745018213
1,128,512,57,1609631416.8888888,0.0027214054671480786
1,128,512,58,1603183049.142857,0.0027105032052674363
1,128,512,59,1582134013.9130435,0.0026749155800809667
1,128,512,60,1579037438.6938775,0.0026696801972209815
1,128,512,61,1598301781.1134021,0.002702250440465138
1,128,512,62,1578099162.122449,0.00266809385207116
1,128,512,63,1560737136.0,0.002638739856917584
1,128,512,64,1541443433.5670104,0.0026061199746689194
1,128,512,65,1559706426.074074,0.0026369972346016748
1,128,512,66,1543799066.88,0.002610102646297532
1,128,512,67,1546012251.1698112,0.00261384447921835
1,128,512,68,1522863793.2743363,0.002574707358004257
1,128,512,69,1519915616.0,0.002569722871699928
1,128,512,70,1514178053.7142856,0.0025600223693311155
1,128,512,71,1519292127.1028037,0.0025686687383898216
1,128,512,72,1522404409.6,0.0025739306775606845
1,128,512,73,1523515713.1034484,0.002575809559519755
1,128,512,74,1516579085.2413793,0.0025640817957663033
1,128,512,75,1499663036.235294,0.0025354818145751543
1,128,512,76,1506313721.6,0.0025467261350586435
1,128,512,77,1498538550.1935484,0.0025335806448852304
1,128,512,78,1491197501.8487394,0.0025211691270119177
1,128,512,79,1490941227.3548386,0.0025207358434654646
1,128,512,80,1478831588.9230769,0.0025002620655013895
1,128,512,81,1473418978.304,0.0024911109592445483
1,128,512,82,1491784983.402985,0.002522162382670821
1,128,512,83,1479765598.984127,0.0025018411972577924
1,128,512,84,1478235154.1492538,0.002499253672625077
1,128,512,85,1480045957.1386862,0.002502315199073718
1,128,512,86,1471256987.764706,0.0024874556796495905
1,128,512,87,1458472346.8985507,0.0024658406743858848
1,128,512,88,1452877539.1755726,0.0024563815273009057
1,128,512,89,1472447164.5866666,0.002489467912808171
1,128,512,90,1460561735.4202898,0.002469373205676214
1,128,512,91,1449995682.0,0.002451509168454741
1,128,512,92,1480071882.5931034,0.002502359031265765
1,128,512,93,1458040565.041096,0.0024651106603620757
1,128,512,94,1436122324.631579,0.002428053469097746
1,128,512,95,1443791030.0689654,0.002441018957149407
1,128,512,96,1448477304.32,0.0024489420457729943
1,128,512,97,1443316945.012658,0.0024402174210644435
1,128,512,98,1448104853.0526316,0.002448312342037948
1,128,512,99,1434697168.6956522,0.0024256439565131407
1,128,512,100,1432693640.0,0.0024222565885177556
1,128,512,101,1439707457.5421686,0.0024341148569415475
1,128,512,102,1424347193.2422361,0.002408145242529156
1,128,512,103,1428555982.3589745,0.002415261046552479
1,128,512,104,1420548713.5238094,0.0024017231490212165
1,128,512,105,1435181700.372671,0.002426463154710324
1,128,512,106,1429674066.0229886,0.002417151391735886
1,128,512,107,1423914805.9047618,0.0024074142048196643
1,128,512,108,1406142378.2168674,0.0023773663433236383
1,128,512,109,1407662177.3099415,0.0023799358691899094
1,128,512,110,1415817742.511628,0.0023937244915382787
1,128,512,111,1403235914.8444445,0.002372452382755532
1,128,512,112,1402446987.52,0.002371118542528882
1,128,512,113,1409755310.3820224,0.0023834747313952946
1,128,512,114,1404132269.935484,0.0023739678512159916
1,128,512,115,1401960521.2444444,0.002370296073503992
1,128,512,116,1405758859.083799,0.0023767179271368404
1,128,512,117,1400184646.6086957,0.0023672936004583076
1,128,512,118,1412872521.7021277,0.002388745003732043
1,128,512,119,1397200379.2592592,0.002362248096627446
1,128,512,120,1389235075.06383,0.0023487811487550967
1,128,512,121,1396547578.4347825,0.0023611444056121926
1,128,512,122,1390264434.7357514,0.002350521488195192
1,128,512,123,1406935884.737864,0.0023787079256025376
1,128,512,124,1391718504.5106382,0.002352979885436618
1,128,512,125,1396636431.8415842,0.002361294630157084
1,128,512,126,1397021536.846561,0.0023619457275791235
1,128,512,127,1373485141.3333333,0.002322152719841701
1,128,512,128,1378381191.6116505,0.0023304304770071257
2,128,512,0,0.03249751403927803,2.793166194812072e-13
2,128,512,1,16203429056.0,0.1392687152148096
2,128,512,2,5252870472.0,0.045148500314157854
2,128,512,3,4497076633.6,0.038652440962926825
2,128,512,4,2896224090.6666665,0.02489308940023213
2,128,512,5,1971907302.4,0.016948572773011747
2,128,512,6,1742393230.2222223,0.014975895888048183
2,128,512,7,1525769098.6666667,0.013114008235625946
2,128,512,8,1430443409.142857,0.012294682507654133
2,128,512,9,1366908160.0,0.011748596090489118
2,128,512,10,1244400372.7058823,0.01069563982541119
2,128,512,11,1149437123.0,0.009879429273098246
2,128,512,12,1173707476.8,0.010088033327206362
2,128,512,13,1139828775.652174,0.009796845383858218
2,128,512,14,1131457424.0,0.009724893491133514
2,128,512,15,1095083114.6666667,0.009412255758085056
2,128,512,16,1061312305.3333334,0.009121995146497036
2,128,512,17,969815289.3793104,0.008335576925152265
2,128,512,18,911207441.6,0.007831841596443723
2,128,512,19,885878535.4666667,0.00761413926918975
2,128,512,20,891132450.0645162,0.00765929674378121
2,128,512,21,809073596.4444444,0.006953999668935454
2,128,512,22,835109264.9411764,0.007177776629279283
2,128,512,23,835926410.5142857,0.007184800007708447
2,128,512,24,786034624.8421053,0.006755979363243423
2,128,512,25,758534448.3809524,0.0065196149350295616
2,128,512,26,753658290.9090909,0.006477704288588969
2,128,512,27,770204564.6829268,0.006619919759284125
2,128,512,28,756471848.0,0.0065018868538892025
2,128,512,29,734327328.3333334,0.006311554375969429
2,128,512,30,730102963.7446809,0.006275245899113864
2,128,512,31,703372765.2307693,0.006045499442878984
2,128,512,32,721480742.72,0.006201137780378294
2,128,512,33,718641721.2307693,0.00617673634819342
2,128,512,34,692512323.9298246,0.005952153787374765
2,128,512,35,692079500.0,0.005948433659220868
2,128,512,36,692414966.8965517,0.005951317002216872
2,128,512,37,699488789.3333334,0.00601211661191822
2,128,512,38,678368150.75,0.0058305844072317065
2,128,512,39,664383917.4193548,0.005710389712485788
2,128,512,40,679090965.1525424,0.005836797007838216
2,128,512,41,680645596.4705882,0.005850159087281319
2,128,512,42,670841786.1818181,0.005765895191138844
2,128,512,43,661271786.4444444,0.005683640900184512
2,128,512,44,664120911.3043479,0.005708129170991511
2,128,512,45,660146535.2941177,0.005673969349708475
2,128,512,46,662401213.1891892,0.005693348339957059
2,128,512,47,660096280.1095891,0.005673537405645401
2,128,512,48,646571345.0256411,0.005557290386203078
2,128,512,49,650205561.0526316,0.005588526527339797
2,128,512,50,642209719.2380953,0.0055198021472889595
2,128,512,51,644902379.8518518,0.005542945605558895
2,128,512,52,645395702.1538461,0.005547185718126927
2,128,512,53,634771980.6511627,0.005455874672831191
2,128,512,54,643948362.4691358,0.005534745811877923
2,128,512,55,644327564.5957447,0.005538005059830751
2,128,512,56,646650513.8604652,0.0055579708435231235
2,128,512,57,631699375.8222222,0.005429465588346021
2,128,512,58,630959281.2307693,0.005423104464257233
2,128,512,59,631279244.173913,0.005425854550541684
2,128,512,60,634866752.6530613,0.005456689239605738
2,128,512,61,623336662.1030928,0.0053575879387851
2,128,512,62,624061344.4897959,0.005363816594743424
2,128,512,63,627333428.96,0.005391940209730396
2,128,512,64,626726353.484536,0.005386722386934117
2,128,512,65,629324443.7037038,0.005409053011247349
2,128,512,66,626702259.2,0.005386515296197968
2,128,512,67,616850305.9622642,0.00530183761068869
2,128,512,68,624710813.5929203,0.00536939879140385
2,128,512,69,611979317.5384616,0.005259971392293517
2,128,512,70,612257849.1428572,0.005262365375601422
2,128,512,71,615098770.6915888,0.00528678313882614
2,128,512,72,605920887.7333333,0.005207899097456216
2,128,512,73,631598244.2758621,0.005428596361191658
2,128,512,74,617252150.3448275,0.005305291469170279
2,128,512,75,607319988.9747899,0.005219924393563581
2,128,512,76,612104748.4,0.005261049472425466
2,128,512,77,615931549.6774193,0.005293940886671591
2,128,512,78,604620618.6218487,0.005196723264984946
2,128,512,79,602997385.1612903,0.005182771549100341
2,128,512,80,602828755.4461539,0.0051813221741752605
2,128,512,81,603621510.272,0.0051881359137666986
2,128,512,82,605259019.8208956,0.005202210332844197
2,128,512,83,599864751.6190476,0.005155846516926031
2,128,512,84,594500770.6268656,0.0051097430200281796
2,128,512,85,592567009.4014598,0.005093122313357775
2,128,512,86,597926967.0588236,0.005139191229632655
2,128,512,87,601510532.173913,0.005169992025423613
2,128,512,88,598759777.4656489,0.005146349247542027
2,128,512,89,591311223.7866666,0.005082328817206248
2,128,512,90,597858051.3623189,0.005138598898189899
2,128,512,91,588317811.4444444,0.005056600393329508
2,128,512,92,589960005.5172414,0.005070715075960042
2,128,512,93,588268324.2739726,0.005056175050358745
2,128,512,94,585703480.3157895,0.005034130178156193
2,128,512,95,584157446.9517242,0.005020841998256219
2,128,512,96,590835510.08,0.005078240050778563
2,128,512,97,580813332.8607595,0.0049920992876009125
2,128,512,98,587501945.4736842,0.005049588013101683
2,128,512,99,584825389.9130435,0.005026582978004285
2,128,512,100,584576625.4736842,0.005024444843925321
2,128,512,101,575991016.1927711,0.0049506514036753175
2,128,512,102,583554306.7826087,0.005015657999476896
2,128,512,103,585417949.4358975,0.005031676035970655
2,128,512,104,579819477.0476191,0.004983557082014276
2,128,512,105,576343390.5093168,0.004953680066199183
2,128,512,106,569457586.5747126,0.00489449647833768
2,128,512,107,578270534.9523809,0.004970243901526342
2,128,512,108,574011242.8915663,0.004933635222524866
2,128,512,109,573546015.8128655,0.004929636588821477
2,128,512,110,575271292.3720931,0.004944465366666181
2,128,512,111,573123987.5555556,0.004926009249634398
2,128,512,112,567457304.96,0.00487730402792573
2,128,512,113,572068164.0449438,0.00491693443076067
2,128,512,114,567091158.967742,0.004874156997643028
2,128,512,115,566571961.6888889,0.004869694489261686
2,128,512,116,566506787.6648045,0.004869134317549375
2,128,512,117,566283017.3043479,0.004867211007952607
2,128,512,118,563243432.7659575,0.004841085733358852
2,128,512,119,566838102.6031746,0.004871981974402674
2,128,512,120,564396283.4042553,0.004850994501847017
2,128,512,121,562131242.7826087,0.004831526443808447
2,128,512,122,563121164.7668394,0.004840034838076736
2,128,512,123,560840229.5922331,0.004820430166117619
2,128,512,124,562316828.7659575,0.004833121558112556
2,128,512,125,559926690.8514851,0.004812578286970112
2,128,512,126,553630696.8042328,0.004758464123916692
2,128,512,127,558437953.254902,0.004799782565049057
2,128,512,128,554876615.6116505,0.004769172814711173
4,128,512,0,0.04742676019668579,3.9576376353232453e-14
4,128,512,1,119010573312.0,0.09931117411091496
4,128,512,2,79872930112.0,0.0666518465406128
4,128,512,3,144939160422.4,0.12094789391916513
4,128,512,4,115664974634.66667,0.09651936054760364
4,128,512,5,18244439398.4,0.01522450188438715
4,128,512,6,16473748195.555555,0.013746906932539127
4,128,512,7,9543666410.666666,0.007963937070376594
4,128,512,8,13292209261.714285,0.011091996883740076
4,128,512,9,27934634002.285713,0.02331071285450192
4,128,512,10,30981208274.82353,0.02585299846494633
4,128,512,11,23777009952.0,0.01984128560568773
4,128,512,12,9925603827.2,0.008282653737452681
4,128,512,13,7646479393.391304,0.006380784708782155
4,128,512,14,7774223709.090909,0.0064873839597988205
4,128,512,15,7200900970.666667,0.006008961306139901
4,128,512,16,16088905568.0,0.01342576594374416
4,128,512,17,14088525453.241379,0.01175650167304785
4,128,512,18,8075448780.8,0.006738748310969944
4,128,512,19,7016577894.4,0.005855148576645783
4,128,512,20,6272382455.741936,0.005234137176361506
4,128,512,21,6678950755.555555,0.005573407663740108
4,128,512,22,6500303849.411765,0.005424331548007848
4,128,512,23,9230600462.62857,0.00770269182124817
4,128,512,24,8563184845.473684,0.007145751150221848
4,128,512,25,5870933180.952381,0.004899138379903259
4,128,512,26,5731997649.454545,0.004783200355450579
4,128,512,27,5607414640.390244,0.00467923913116498
4,128,512,28,5709845308.952381,0.004764714813507955
4,128,512,29,6043238346.666667,0.0050429224810654375
4,128,512,30,6418136829.276596,0.005355765344050271
4,128,512,31,6052822779.076923,0.005050920436283701
4,128,512,32,5439314703.36,0.004538964182058748
4,128,512,33,5262753710.769231,0.004391628705987986
4,128,512,34,5292988997.614035,0.004416859252758531
4,128,512,35,5174478808.615385,0.0043179656361156836
4,128,512,36,5553351156.965517,0.004634124584902272
4,128,512,37,5371617030.736842,0.0044824722657047554
4,128,512,38,5151697636.0,0.00429895535041505
4,128,512,39,5062445648.5161295,0.004224476928690969
4,128,512,40,4932294007.322034,0.004115868828253015
4,128,512,41,5002669502.117647,0.004174595316348037
4,128,512,42,5064664093.090909,0.00422632816198302
4,128,512,43,5099436192.0,0.004255344558365799
4,128,512,44,5051441923.710145,0.004215294611526503
4,128,512,45,4888858721.882353,0.004079623231960081
4,128,512,46,4839176254.27027,0.004038164527460369
4,128,512,47,4815678069.479452,0.0040185559140732754
4,128,512,48,4797765413.743589,0.004003608276875448
4,128,512,49,4899357214.315789,0.0040883839460793695
4,128,512,50,4861912894.476191,0.004057137652043743
4,128,512,51,4825838738.962963,0.004027034723880493
4,128,512,52,4764316973.948718,0.00397569643899615
4,128,512,53,4750661565.023255,0.003964301361604185
4,128,512,54,4739080071.901235,0.003954636912069184
4,128,512,55,4684173962.893617,0.003908819217055538
4,128,512,56,4708484808.930233,0.0039291059747471975
4,128,512,57,4620189792.711111,0.003855426120219691
4,128,512,58,4688446388.043956,0.003912384442784422
4,128,512,59,4658982747.826087,0.003887797814704351
4,128,512,60,4602028222.693877,0.0038402707706409554
4,128,512,61,4601858647.092784,0.0038401292642892383
4,128,512,62,4577270175.346939,0.0038196108352898995
4,128,512,63,4670233224.96,0.0038971860401567885
4,128,512,64,4603611436.865979,0.0038415919209717608
4,128,512,65,4557198416.592592,0.003802861483758423
4,128,512,66,4544166167.04,0.00379198641637276
4,128,512,67,4503442970.566038,0.003758003986553049
4,128,512,68,4514891887.008849,0.0037675578043575605
4,128,512,69,4521633260.307693,0.0037731833019818174
4,128,512,70,4503175132.571428,0.0037577804828342115
4,128,512,71,4482444241.345795,0.003740481102697743
4,128,512,72,4519923154.133333,0.0037717562636330085
4,128,512,73,4455550413.24138,0.0037180389148226823
4,128,512,74,4464886525.793103,0.003725829653690166
4,128,512,75,4482171986.823529,0.0037402539135034493
4,128,512,76,4460644710.4,0.003722289970993684
4,128,512,77,4438559477.67742,0.0037038604287172833
4,128,512,78,4403369618.285714,0.0036744954222667522
4,128,512,79,4453252859.870968,0.0037161216673340922
4,128,512,80,4426213797.415384,0.0036935582852362465
4,128,512,81,4438082332.672,0.0037034622638367127
4,128,512,82,4409768765.134328,0.0036798353409744616
4,128,512,83,4442649167.238095,0.003707273166432235
4,128,512,84,4407776147.104478,0.0036781725539582174
4,128,512,85,4485740193.635036,0.0037432314876639596
4,128,512,86,4425983202.823529,0.003693365860151454
4,128,512,87,4395885572.637681,0.0036682501842200677
4,128,512,88,4389541803.969465,0.003662956477138455
4,128,512,89,4349036895.573334,0.0036291562029432435
4,128,512,90,4383777820.753623,0.003658146585674272
4,128,512,91,4398394676.444445,0.0036703439649496384
4,128,512,92,4373747380.965517,0.003649776449101665
4,128,512,93,4374689898.958904,0.0036505629554257593
4,128,512,94,4335081355.789474,0.0036175106742921603
4,128,512,95,4374836149.848276,0.003650684997922775
4,128,512,96,4359814079.146667,0.00363814947744391
4,128,512,97,4354328703.189874,0.003633572076364758
4,128,512,98,4364173219.368421,0.003641787064605192
4,128,512,99,4369024666.236025,0.0036458354686347686
4,128,512,100,4352827424.0,0.0036323192986084172
4,128,512,101,4356066987.180723,0.0036350226283557723
4,128,512,102,4388740781.316771,0.0036622880449318474
4,128,512,103,4368090146.461538,0.003645055636612694
4,128,512,104,4314927031.619047,0.0036006924241058533
4,128,512,105,4353576825.639751,0.003632944654445745
4,128,512,106,4307287729.287356,0.0035943176284651372
4,128,512,107,4325669227.428572,0.003609656502243486
4,128,512,108,4324073012.433735,0.003608324503070143
4,128,512,109,4319091601.216374,0.003604167647229877
4,128,512,110,4324273061.209302,0.003608491438479562
4,128,512,111,4330607687.111111,0.0036137775161645485
4,128,512,112,4305624776.411428,0.003592929938296075
4,128,512,113,4295399505.258427,0.003584397220105189
4,128,512,114,4298469925.8494625,0.0035869594048373865
4,128,512,115,4281879867.022222,0.0035731154397605773
4,128,512,116,4297922910.391062,0.0035865029349127506
4,128,512,117,4295154330.434783,0.0035841926282027983
4,128,512,118,4309868153.87234,0.0035964709244968064
4,128,512,119,4286377333.164021,0.003576868456241686
4,128,512,120,4285479897.87234,0.0035761195702391645
4,128,512,121,4304528211.478261,0.0035920148838772025
4,128,512,122,4255702600.2901554,0.003551271203388732
4,128,512,123,4276337937.3980584,0.003568490846142556
4,128,512,124,4255959161.87234,0.003551485297239803
4,128,512,125,4268939280.4752474,0.003562316862727469
4,128,512,126,4296098207.8306875,0.00358498026891232
4,128,512,127,4264592574.745098,0.003558689651820384
4,128,512,128,4264817198.6019416,0.00355887709448481
5,128,512,0,0.36574575304985046,2.826136065225762e-14
5,128,512,1,2005668726784.0,0.15497904422384692
5,128,512,2,1425470244864.0,0.11014681196769115
5,128,512,3,2520609429504.0,0.19476877463833342
5,128,512,4,2021304167082.6667,0.15618720266055539
5,128,512,5,262549938380.8,0.02028736748392665
5,128,512,6,238389588081.77777,0.01842048490882678
5,128,512,7,71866980181.33333,0.005553198168281895
5,128,512,8,153326926409.14285,0.011847649709716078
5,128,512,9,419106244242.2857,0.03238455298899949
5,128,512,10,472472719962.35297,0.03650820775324006
5,128,512,11,327068706688.0,0.025272765577450663
5,128,512,12,81259710156.8,0.006278979198225267
5,128,512,13,58409868154.434784,0.004513360266792504
5,128,512,14,59425103639.27273,0.0045918080298757965
5,128,512,15,44074740565.333336,0.0034056776555428645
5,128,512,16,203386480938.66666,0.015715776988988683
5,128,512,17,162386718649.3793,0.012547704471256808
5,128,512,18,65669864379.73333,0.0050743438734271
5,128,512,19,44739997286.4,0.0034570823812672966
5,128,512,20,31187279607.741936,0.00240985698236409
5,128,512,21,41134485646.22222,0.003178482660151495
5,128,512,22,36353515971.76471,0.0028090546979382624
5,128,512,23,83907880023.77142,0.006483604632847114
5,128,512,24,70267009886.3158,0.005429567648546983
5,128,512,25,27913662415.238094,0.0021569029142899975
5,128,512,26,27778497303.272728,0.0021464586372341395
5,128,512,27,24703229077.853657,0.0019088310948873915
5,128,512,28,28491032722.285713,0.002201516612033067
5,128,512,29,33927074112.0,0.0026215622993834703
5,128,512,30,41100229871.65958,0.0031758356990008473
5,128,512,31,32824917572.923077,0.002536398102160785
5,128,512,32,23349991034.88,0.0018042657019554846
5,128,512,33,22795971997.53846,0.0017614563687179453
5,128,512,34,22379185834.666668,0.0017292510895983136
5,128,512,35,22458758478.76923,0.0017353997083431217
5,128,512,36,27996187550.896553,0.002163279673561355
5,128,512,37,27712161271.017544,0.002141332818229625
5,128,512,38,22974172664.0,0.0017752260249924115
5,128,512,39,21399120516.129032,0.0016535209431810382
5,128,512,40,20966592026.033897,0.0016200992464175791
5,128,512,41,21022048210.82353,0.0016243843740661411
5,128,512,42,20642428532.363636,0.00159505096812995
5,128,512,43,22839397112.88889,0.0017648118495022078
5,128,512,44,21941472805.101448,0.0016954287808289513
5,128,512,45,20122613729.882355,0.0015548846135440002
5,128,512,46,19803067488.864864,0.0015301931127209198
5,128,512,47,19900212448.438354,0.0015376995532336583
5,128,512,48,19858118767.589745,0.001534446953071596
5,128,512,49,19965481350.736843,0.0015427429145628139
5,128,512,50,20263862741.333332,0.001565798996612303
5,128,512,51,19968872030.814816,0.001543004914139681
5,128,512,52,19402859296.820515,0.0014992688218520886
5,128,512,53,19050509734.697674,0.001472042591696898
5,128,512,54,19282493914.074074,0.001489968127412089
5,128,512,55,19161285681.02128,0.001480602305499562
5,128,512,56,19294455069.76744,0.001490892372005633
5,128,512,57,19191940346.31111,0.001482971007102263
5,128,512,58,18994414952.087914,0.0014677081192694674
5,128,512,59,18723912386.782608,0.0014468062482519465
5,128,512,60,18774613065.142857,0.0014507239154962132
5,128,512,61,18699119109.27835,0.0014448904590692794
5,128,512,62,18737668367.67347,0.0014478691799028006
5,128,512,63,18720683776.0,0.0014465567718520917
5,128,512,64,18741118511.505154,0.0014481357742742085
5,128,512,65,18601651399.11111,0.00143735907945375
5,128,512,66,18408792294.4,0.0014224567581886025
5,128,512,67,18539591404.679245,0.001432563672070094
5,128,512,68,18373004464.707966,0.0014196914143576643
5,128,512,69,18440155741.53846,0.0014248802277258062
5,128,512,70,18308830587.42857,0.0014147326661695494
5,128,512,71,18236502853.38318,0.0014091438653154797
5,128,512,72,18019523387.733334,0.0013923777514734724
5,128,512,73,18244701863.724136,0.0014097774070211731
5,128,512,74,18051480628.96552,0.0013948471037827826
5,128,512,75,18175681914.62185,0.001404444200394672
5,128,512,76,18170103411.2,0.001404013146593527
5,128,512,77,18193636339.612904,0.0014058315479598723
5,128,512,78,18122866012.5042,0.001400363088733157
5,128,512,79,18086503902.967743,0.0013975533700060975
5,128,512,80,17876098552.123077,0.0013812952413639983
5,128,512,81,18132324974.592,0.0014010939875521596
5,128,512,82,17940253375.044777,0.0013862525172121877
5,128,512,83,17735127803.93651,0.0013704023598398861
5,128,512,84,17939673737.55224,0.001386207728327867
5,128,512,85,17796977230.48175,0.0013751814965356774
5,128,512,86,18014480963.764706,0.0013919881208047616
5,128,512,87,17853252956.753624,0.001379529950572054
5,128,512,88,17875430458.625954,0.0013812436174391429
5,128,512,89,18049324837.546665,0.0013946805246816687
5,128,512,90,17926275791.768116,0.0013851724622320966
5,128,512,91,17784553781.333332,0.0013742215302913652
5,128,512,92,18001863616.44138,0.0013910131719497008
5,128,512,93,17750782807.671234,0.0013716120299532646
5,128,512,94,17527425808.842106,0.001354353120873723
5,128,512,95,17671580566.068966,0.0013654920323983406
5,128,512,96,17614377355.946667,0.0013610719112123733
5,128,512,97,17641509965.772152,0.0013631684617951782
5,128,512,98,17485662760.42105,0.0013511260688477647
5,128,512,99,17710137941.863354,0.0013684713804674384
5,128,512,100,17683356628.210526,0.0013664019747188483
5,128,512,101,17503861611.95181,0.0013525323033762012
5,128,512,102,17527290686.01242,0.0013543426798638405
5,128,512,103,17692733735.384617,0.001367126548566971
5,128,512,104,17498186343.61905,0.0013520937725010971
5,128,512,105,17546291766.06211,0.001355810902998597
5,128,512,106,17624053839.448277,0.0013618196180218284
5,128,512,107,17489506169.904762,0.0013514230510564375
5,128,512,108,17703645273.44578,0.0013679696886713904
5,128,512,109,17616006114.05848,0.0013611977661813768
5,128,512,110,17860494657.488373,0.001380089520476814
5,128,512,111,17521113705.244446,0.0013538653814132908
5,128,512,112,17564877548.982857,0.0013572470359126437
5,128,512,113,17618338174.5618,0.0013613779656844404
5,128,512,114,17528245905.89247,0.0013544164901905693
5,128,512,115,17578431323.02222,0.0013582943429370769
5,128,512,116,17708417638.97207,0.0013683384517866916
5,128,512,117,17693206978.782608,0.001367163116325408
5,128,512,118,17495415560.17021,0.0013518796726525442
5,128,512,119,17549037936.42328,0.0013560231009813275
5,128,512,120,17460186084.765957,0.0013491574731418535
5,128,512,121,17503793547.130436,0.0013525270439727808
5,128,512,122,17606956321.16062,0.0013604984840741153
5,128,512,123,17528522888.699028,0.0013544378927931294
5,128,512,124,17399939170.042553,0.001344502163350869
5,128,512,125,17395961349.069305,0.0013441947950979293
5,128,512,126,17515068218.243385,0.0013533982435530948
5,128,512,127,17395850849.882355,0.0013441862567694644
5,128,512,128,17529223419.029125,0.0013544920231285922
7,128,512,0,0.012555815279483795,3.960770580319518e-15
7,128,512,1,111808807936.0,0.03527043264304148
7,128,512,2,133588453376.0,0.042140888841094806
7,128,512,3,1125917146931.2,0.3551740298958689
7,128,512,4,299079440384.0,0.09434553012156721
7,128,512,5,85038789836.8,0.026825748027842874
7,128,512,6,50583236266.666664,0.015956637590052336
7,128,512,7,32167820842.666668,0.010147438106612644
7,128,512,8,28664965632.0,0.009042451647613236
7,128,512,9,35435496557.71429,0.011178236469768975
7,128,512,10,193366753249.88235,0.0609981375510906
7,128,512,11,27574134688.0,0.008698345668437425
7,128,512,12,17632085273.6,0.005562095576180782
7,128,512,13,16566482832.695652,0.005225948005967076
7,128,512,14,18676305896.727272,0.005891498186157333
7,128,512,15,16045856768.0,0.0050617149112222445
7,128,512,16,25412023040.0,0.00801630089347506
7,128,512,17,31789765084.689655,0.010028179253994567
7,128,512,18,12477573273.6,0.003936088898712104
7,128,512,19,11419416951.466667,0.0036022902295860066
7,128,512,20,10880613508.129032,0.0034323230247933685
7,128,512,21,10862103736.88889,0.003426484060477272
7,128,512,22,10869423676.235294,0.0034287931578769718
7,128,512,23,13584433473.828571,0.004285251356107872
7,128,512,24,10902604523.789474,0.0034392601583781183
7,128,512,25,9784984643.047619,0.003086703526643047
7,128,512,26,9742958062.545454,0.0030734461124537512
7,128,512,27,9766822474.926828,0.003080974214800973
7,128,512,28,9506759088.761906,0.0029989364190854367
7,128,512,29,9492451546.666666,0.0029944230608887684
7,128,512,30,9594233305.872341,0.0030265304301436927
7,128,512,31,9352357508.923077,0.00295022996543286
7,128,512,32,9169437905.92,0.002892527413586454
7,128,512,33,9175102813.538462,0.002894314426132911
7,128,512,34,9033059323.508772,0.0028495063699523777
7,128,512,35,8978354180.923077,0.002832249464325576
7,128,512,36,9067918097.655172,0.0028605026775621804
7,128,512,37,9023895075.929825,0.0028466154798434122
7,128,512,38,8998229076.0,0.002838519061158228
7,128,512,39,8870276839.225807,0.0027981561341940673
7,128,512,40,8993170544.813559,0.002836923331923853
7,128,512,41,8764601588.705883,0.0027648205511187785
7,128,512,42,8694542836.363636,0.002742720302031451
7,128,512,43,8569212704.0,0.002703184525975191
7,128,512,44,8554956302.84058,0.002698687300344154
7,128,512,45,8611519119.058823,0.0027165302148367955
7,128,512,46,8520202368.0,0.0026877240646160975
7,128,512,47,8426464231.452055,0.002658154080889136
7,128,512,48,8510083528.205129,0.0026845320454541096
7,128,512,49,8402438932.210526,0.0026505752262866228
7,128,512,50,8346250788.571428,0.002632850503412422
7,128,512,51,8297204931.950617,0.002617378836964151
7,128,512,52,8292078900.51282,0.0026157618145677005
7,128,512,53,8242204231.44186,0.0026000286966807074
7,128,512,54,8323393517.037037,0.00262564010674565
7,128,512,55,8225072049.021276,0.002594624296998355
7,128,512,56,8199802382.883721,0.0025866529030279715
7,128,512,57,8173797609.244445,0.002578449617133298
7,128,512,58,8098296961.406593,0.0025546327053601646
7,128,512,59,8094824940.521739,0.0025535374456841595
7,128,512,60,8095476257.959184,0.0025537429057747437
7,128,512,61,8118053961.896907,0.002560865111982557
7,128,512,62,8083974029.061225,0.002550114492261718
7,128,512,63,8062086750.72,0.0025432100829336484
7,128,512,64,8035892205.525773,0.0025349469330177943
7,128,512,65,7994889988.740741,0.002522012657516354
7,128,512,66,7986846791.68,0.002519475406244272
7,128,512,67,7911037256.45283,0.002495561054993334
7,128,512,68,7981516129.415929,0.002517793832423761
7,128,512,69,7978259207.384615,0.0025167664263432412
7,128,512,70,7917047803.428572,0.002497457100539022
7,128,512,71,7986106738.841122,0.0025192419542981524
7,128,512,72,7876340465.066667,0.0024846158453438773
7,128,512,73,7882984147.862069,0.002486711615532851
7,128,512,74,7970239876.413794,0.002514236703702691
7,128,512,75,7846748007.260504,0.002475280813434837
7,128,512,76,7841638478.933333,0.002473668996995435
7,128,512,77,7825570844.903226,0.0024686004123798443
7,128,512,78,7808470728.067227,0.0024632061278848567
7,128,512,79,7722687680.0,0.002436145601307185
7,128,512,80,7722876002.461538,0.0024362050082073878
7,128,512,81,7768107499.52,0.0024504734231900215
7,128,512,82,7747469090.38806,0.0024439629734983987
7,128,512,83,7742155389.968254,0.0024422867503438744
7,128,512,84,7724177820.656716,0.002436615670764427
7,128,512,85,7706427393.868613,0.002431016243993207
7,128,512,86,7755469709.176471,0.002446486793323406
7,128,512,87,7693604949.333333,0.0024269713643933852
7,128,512,88,7791702760.549619,0.002457916620914806
7,128,512,89,7784532978.346666,0.0024556548910482355
7,128,512,90,7763963243.594203,0.0024491661049010184
7,128,512,91,7696196456.888889,0.0024277888634291903
7,128,512,92,7727177999.889655,0.002437562086538871
7,128,512,93,7678109008.657535,0.0024220831222062475
7,128,512,94,7714633207.578947,0.002433604793187984
7,128,512,95,7709452203.255173,0.0024319704294254296
7,128,512,96,7616044153.173333,0.002402504572490302
7,128,512,97,7614631871.189874,0.00240205906379121
7,128,512,98,7606148537.263158,0.0023993829699898886
7,128,512,99,7561594296.447205,0.0023853281975737438
7,128,512,100,7578536080.842105,0.002390672535612794
7,128,512,101,7545459634.891566,0.002380238468918894
7,128,512,102,7602537991.950311,0.002398244012356655
7,128,512,103,7671975151.589744,0.002420148178112439
7,128,512,104,7601778765.714286,0.0023980045121033845
7,128,512,105,7620674165.664597,0.0024039651241831795
7,128,512,106,7589413300.965517,0.002394103788183933
7,128,512,107,7524532033.523809,0.0023736367926462665
7,128,512,108,7551364430.650602,0.00238210115491774
7,128,512,109,7530677116.25731,0.002375575277910879
7,128,512,110,7566300923.5348835,0.002386812917576902
7,128,512,111,7554098395.0222225,0.002382963592394695
7,128,512,112,7551326266.514286,0.0023820891159234588
7,128,512,113,7499975946.067416,0.0023658904992674558
7,128,512,114,7536713155.44086,0.0023774793650519926
7,128,512,115,7535142080.0,0.0023769837644679517
7,128,512,116,7574105831.687151,0.0023892749998792842
7,128,512,117,7503411259.826087,0.002366974179567511
7,128,512,118,7457809749.787234,0.002352589042851207
7,128,512,119,7541350274.031746,0.0023789421583858706
7,128,512,120,7550311290.553191,0.0023817689386321436
7,128,512,121,7526927141.565217,0.002374392336850759
7,128,512,122,7563993434.196891,0.002386085012962117
7,128,512,123,7483470732.427184,0.0023606838788168554
7,128,512,124,7514096815.6595745,0.0023703449710483953
7,128,512,125,7473069299.326733,0.002357402714726719
7,128,512,126,7450354400.8465605,0.0023502372300781655
7,128,512,127,7523528003.764706,0.002373320068368065
7,128,512,128,7529594451.2621355,0.0023752337479053974
8,128,512,0,0.0016435382422059774,9.346614089065363e-16
8,128,512,1,73274170880.0,0.04167018328653893
8,128,512,2,72969090560.0,0.04149668759632723
8,128,512,3,427501175603.2,0.24311503124027176
8,128,512,4,127206979413.33333,0.07234115492294717
8,128,512,5,41561963520.0,0.02363581350464057
8,128,512,6,27709802780.444443,0.015758248054228492
8,128,512,7,16858265344.0,0.009587102772244801
8,128,512,8,16210850048.0,0.009218925094860908
8,128,512,9,18793573613.714287,0.010687690460190385
8,128,512,10,77121972826.35294,0.04385838426417145
8,128,512,11,14905394624.0,0.00847652751960108
8,128,512,12,11779270950.4,0.006698736725234599
8,128,512,13,11374966906.434782,0.006468813637560086
8,128,512,14,11256653649.454546,0.006401530240909063
8,128,512,15,10783055189.333334,0.006132200210961771
8,128,512,16,13950968138.666666,0.00793375608868991
8,128,512,17,16088692691.862068,0.009149455602965833
8,128,512,18,9701726267.733334,0.005517260815333531
8,128,512,19,8922821120.0,0.0050743063625014245
8,128,512,20,8907946628.129032,0.005065847409024183
8,128,512,21,8856232163.555555,0.005036437984236953
8,128,512,22,8706521908.705883,0.0049512994738377435
8,128,512,23,9503158154.971428,0.005404337399697733
8,128,512,24,8698870474.105263,0.004946948190453931
8,128,512,25,8187903981.714286,0.00465636738775769
8,128,512,26,8315987264.0,0.0047292068861059956
8,128,512,27,8045029700.682927,0.004575116417517996
8,128,512,28,8023681286.095238,0.004562975818203635
8,128,512,29,8002995381.333333,0.004551211980653182
8,128,512,30,7954126123.574468,0.00452342059245414
8,128,512,31,7775144152.615385,0.004421635591746794
8,128,512,32,7621110256.64,0.004334038276068592
8,128,512,33,7718120580.923077,0.004389206938436434
8,128,512,34,7798775188.210526,0.0044350742915324655
8,128,512,35,7672033821.538462,0.004362997925252449
8,128,512,36,7505340499.862069,0.004268201338904542
8,128,512,37,7524467137.122807,0.004279078438853107
8,128,512,38,7442101176.0,0.004232237858395634
8,128,512,39,7451761255.225806,0.0042377314350143455
8,128,512,40,7295483661.016949,0.004148858153801417
8,128,512,41,7348075369.411765,0.0041787664571209205
8,128,512,42,7360614780.121212,0.004185897476636973
8,128,512,43,7311499267.555555,0.00415796604614457
8,128,512,44,7246474206.608696,0.004120987037370639
8,128,512,45,7230878320.941176,0.0041121178354884946
8,128,512,46,7244737574.054054,0.004119999434290533
8,128,512,47,7219184117.479452,0.004105467475671552
8,128,512,48,7032282502.564102,0.003999178663986089
8,128,512,49,7105114455.578947,0.004040597363028286
8,128,512,50,7027280481.523809,0.0039963340718051224
8,128,512,51,6988226601.08642,0.003974124576476383
8,128,512,52,6988555490.461538,0.003974311612104048
8,128,512,53,7041093248.0,0.004004189234188326
8,128,512,54,6992395589.530864,0.0039764954325435765
8,128,512,55,6952684712.851064,0.003953912310962762
8,128,512,56,6949056550.697675,0.003951849016624398
8,128,512,57,6886396512.711111,0.003916214969370316
8,128,512,58,6794754064.879121,0.003864098956972987
8,128,512,59,6839986145.391304,0.003889821924053173
8,128,512,60,6778744508.081633,0.0038549945050484454
8,128,512,61,6816679542.762887,0.0038765677255866602
8,128,512,62,6793213027.265306,0.003863222586499628
8,128,512,63,6729777036.8,0.003827147263941813
8,128,512,64,6753282256.494845,0.0038405144136633516
8,128,512,65,6714169445.925926,0.003818271405442519
8,128,512,66,6673306140.16,0.003795032910615349
8,128,512,67,6679547949.886792,0.0037985825564486823
8,128,512,68,6691400522.761062,0.0038053229791400116
8,128,512,69,6670966385.230769,0.0037937023187358957
8,128,512,70,6718300676.571428,0.003820620789081113
8,128,512,71,6717020399.2523365,0.003819892710006271
8,128,512,72,6673734916.266666,0.0037952767506853097
8,128,512,73,6664132590.344828,0.003789816017710311
8,128,512,74,6596276290.206897,0.0037512269155760176
8,128,512,75,6581624634.084034,0.0037428946862411968
8,128,512,76,6536232759.466666,0.003717080846080208
8,128,512,77,6596982437.16129,0.0037516284932760918
8,128,512,78,6603821348.571428,0.003755517704010493
8,128,512,79,6466213233.548388,0.003677261542175295
8,128,512,80,6490650549.16923,0.0036911587641939403
8,128,512,81,6570858799.104,0.0037367722789663966
8,128,512,82,6537241655.402985,0.0037176545936651825
8,128,512,83,6473867209.142858,0.0036816142705932606
8,128,512,84,6506798211.820895,0.0037003417553388832
8,128,512,85,6453547942.306569,0.003670058935839588
8,128,512,86,6452176933.6470585,0.003669279258888718
8,128,512,87,6469202346.666667,0.0036789614166331977
8,128,512,88,6501873406.045801,0.0036975410745964856
8,128,512,89,6472119968.426666,0.0036806206347729576
8,128,512,90,6461225776.231884,0.0036744252322175493
8,128,512,91,6427513804.444445,0.00365525361926769
8,128,512,92,6424274936.937931,0.0036534117123444678
8,128,512,93,6453113223.013699,0.0036698117159475775
8,128,512,94,6435364933.052631,0.0036597184663506423
8,128,512,95,6468015432.386207,0.0036782864320510696
8,128,512,96,6462537118.72,0.0036751709776988695
8,128,512,97,6429566852.86076,0.0036564211644309658
8,128,512,98,6395890160.842105,0.0036372696146822845
8,128,512,99,6413476503.055901,0.003647270766446783
8,128,512,100,6459770558.315789,0.003673597666425166
8,128,512,101,6405565349.012048,0.0036427717835847964
8,128,512,102,6392842481.689441,0.0036355364343901722
8,128,512,103,6470564358.564102,0.003679735977228329
8,128,512,104,6448658354.285714,0.0036672782830314055
8,128,512,105,6395432281.043478,0.0036370092236754285
8,128,512,106,6375014679.54023,0.003625397967120848
8,128,512,107,6418928371.809524,0.0036503711818795235
8,128,512,108,6332123371.951807,0.003601006170841967
8,128,512,109,6315794857.169591,0.0035917203311579366
8,128,512,110,6404806420.83721,0.003642340189808067
8,128,512,111,6316220635.0222225,0.0035919624661551043
8,128,512,112,6354960154.331429,0.003613993187904119
8,128,512,113,6332959106.876405,0.003601481443739206
8,128,512,114,6343156435.956989,0.003607280548208324
8,128,512,115,6407994094.933333,0.0036441529836240593
8,128,512,116,6302488136.938547,0.003584152951489071
8,128,512,117,6291101492.869565,0.003577677497182667
8,128,512,118,6299902398.638298,0.003582682471678677
8,128,512,119,6345928316.613756,0.0036088568850488325
8,128,512,120,6307913259.574468,0.003587238156710444
8,128,512,121,6309710306.782609,0.003588260116913316
8,128,512,122,6336722653.512954,0.003603621729685386
8,128,512,123,6310241749.747573,0.0035885623424518715
8,128,512,124,6277611758.297873,0.003570006039350551
8,128,512,125,6278414585.663366,0.0035704625980951376
8,128,512,126,6360793739.513227,0.0036173106811056635
8,128,512,127,6243865202.196078,0.0035508147586964965
8,128,512,128,6299989569.864078,0.0035827320449582094
9,128,512,0,0.0381648875772953,7.761608296636621e-14
9,128,512,1,26232683648.0,0.05334951259400252
9,128,512,2,14346274112.0,0.029176074460590253
9,128,512,3,50763782348.8,0.10323850514405855
9,128,512,4,17887388309.333332,0.03637765242350061
9,128,512,5,8200156249.6,0.01667669023043996
9,128,512,6,6683691562.666667,0.013592649992716206
9,128,512,7,5076882634.666667,0.010324876314248992
9,128,512,8,5051746422.857142,0.010273756700773991
9,128,512,9,5125687058.285714,0.010424130063786962
9,128,512,10,10922189477.647058,0.02221249998325042
9,128,512,11,4643809576.0,0.009444133920238457
9,128,512,12,4202286675.2,0.00854620704882719
9,128,512,13,4035291876.173913,0.00820658906489079
9,128,512,14,4068883217.4545455,0.008274903908646289
9,128,512,15,3968065909.3333335,0.008069871349969582
9,128,512,16,4233528677.3333335,0.008609744032257447
9,128,512,17,4446652027.586206,0.009043173833453502
9,128,512,18,3738420151.4666667,0.0076028398629947045
9,128,512,19,3678986606.9333334,0.007481969628171093
9,128,512,20,3627713746.580645,0.007377695809075012
9,128,512,21,3496551068.4444447,0.007110949751257027
9,128,512,22,3440659892.7058825,0.006997283645876102
9,128,512,23,3532275796.114286,0.007183603271358651
9,128,512,24,3402215744.0,0.006919099628446892
9,128,512,25,3377400475.428571,0.006868632718505868
9,128,512,26,3306811144.7272725,0.0067250749171850616
9,128,512,27,3321305987.121951,0.006754553135550339
9,128,512,28,3256498264.3809524,0.006622753413228634
9,128,512,29,3252593698.6666665,0.006614812682476739
9,128,512,30,3211847508.425532,0.0065319469940631645
9,128,512,31,3161602530.4615383,0.00642976358345051
9,128,512,32,3141126220.8,0.006388120831423109
9,128,512,33,3124915182.769231,0.006355152379198042
9,128,512,34,3077191338.6666665,0.006258096208500917
9,128,512,35,3111413132.3076925,0.006327693205717802
9,128,512,36,3061657452.137931,0.006226504881966479
9,128,512,37,2996320700.631579,0.0060936292717501716
9,128,512,38,3043725572.0,0.00619003674633501
9,128,512,39,3008861245.935484,0.006119133028384592
9,128,512,40,2968709525.6949153,0.006037476315964764
9,128,512,41,2974870812.2352943,0.006050006548795375
9,128,512,42,2946567922.4242425,0.005992446849731322
9,128,512,43,2974224627.5555553,0.006048692400453849
9,128,512,44,2949110210.7826085,0.005997617111631026
9,128,512,45,2933809007.0588236,0.005966498993038242
9,128,512,46,2905810335.135135,0.005909557983096164
9,128,512,47,2867657244.0547943,0.005831965890712358
9,128,512,48,2888256966.5641026,0.005873859627936878
9,128,512,49,2873296062.3157897,0.005843433577734657
9,128,512,50,2872572608.0,0.005841962285828373
9,128,512,51,2879598268.0493827,0.005856250398486427
9,128,512,52,2868080046.769231,0.0058328257462666455
9,128,512,53,2845542849.4883723,0.005786991758928474
9,128,512,54,2819375253.3333335,0.005733774615026598
9,128,512,55,2831716451.4042554,0.005758872958404056
9,128,512,56,2833462856.9302325,0.005762424630236513
9,128,512,57,2787266712.177778,0.005668475347756092
9,128,512,58,2790133464.6153846,0.005674305473538349
9,128,512,59,2758569218.7826085,0.005610113141820726
9,128,512,60,2776787508.244898,0.00564716374922908
9,128,512,61,2752102171.7113404,0.005596961082587895
9,128,512,62,2734628576.0,0.005561424961809198
9,128,512,63,2754080247.04,0.005600983902215282
9,128,512,64,2732749281.6494846,0.005557603033448152
9,128,512,65,2773201914.6666665,0.005639871713373137
9,128,512,66,2745129919.36,0.0055827815853767985
9,128,512,67,2729920143.6981134,0.005551849404395474
9,128,512,68,2721601800.4955754,0.005534932356890924
9,128,512,69,2719970072.0,0.005531613904189219
9,128,512,70,2728605424.571429,0.0055491756549023675
9,128,512,71,2695965200.149533,0.005482795101268094
9,128,512,72,2695675729.0666666,0.00548220640278081
9,128,512,73,2701330793.37931,0.005493707129462668
9,128,512,74,2719775937.1034484,0.005531219091281492
9,128,512,75,2687918437.647059,0.005466430368508493
9,128,512,76,2684838947.733333,0.005460167597678794
9,128,512,77,2677678546.580645,0.0054456054615054875
9,128,512,78,2703398927.0588236,0.00549791310111474
9,128,512,79,2676473198.967742,0.005443154141292978
9,128,512,80,2648441396.1846156,0.00538614575299089
9,128,512,81,2679623888.384,0.005449561710832865
9,128,512,82,2654878898.626866,0.005399237727194716
9,128,512,83,2650787315.8095236,0.005390916659019907
9,128,512,84,2652038111.044776,0.005393460406241923
9,128,512,85,2623594241.8686132,0.005335613996884887
9,128,512,86,2649198357.1764708,0.005387685187556946
9,128,512,87,2663532179.478261,0.005416835938721815
9,128,512,88,2624320726.961832,0.0053370914524952275
9,128,512,89,2640969122.9866667,0.00537094936140439
9,128,512,90,2643176420.173913,0.005375438350433108
9,128,512,91,2638602609.7777777,0.005366136574122097
9,128,512,92,2648317110.289655,0.0053858929922742434
9,128,512,93,2648821694.2465754,0.0053869191666651535
9,128,512,94,2621237624.4210525,0.005330821334651585
9,128,512,95,2619048878.7862067,0.005326370073988433
9,128,512,96,2617917082.0266666,0.0053240683344376065
9,128,512,97,2622651470.987342,0.005333696680011076
9,128,512,98,2615063430.3157897,0.005318264851655168
9,128,512,99,2598005439.6024847,0.005283573948406417
9,128,512,100,2594194429.0526314,0.005275823481162827
9,128,512,101,2601648005.7831326,0.005290981849669457
9,128,512,102,2606050336.5962734,0.005299934887273619
9,128,512,103,2578913913.8461537,0.005244747436889599
9,128,512,104,2581539664.3809524,0.005250087436147953
9,128,512,105,2584721988.7701864,0.005256559341857631
9,128,512,106,2581337647.816092,0.005249676594260184
9,128,512,107,2604297245.714286,0.005296369619406176
9,128,512,108,2590812418.313253,0.005268945472532274
9,128,512,109,2574224665.8245616,0.005235210894622663
9,128,512,110,2590280155.162791,0.005267863006855871
9,128,512,111,2579252897.0666666,0.005245436828407241
9,128,512,112,2577084098.56,0.00524102613429764
9,128,512,113,2598160476.764045,0.005283889248095697
9,128,512,114,2588974990.107527,0.005265208687515639
9,128,512,115,2571963288.888889,0.00523061192339546
9,128,512,116,2583594856.4022346,0.005254267088298443
9,128,512,117,2558884193.3913045,0.005204012915099954
9,128,512,118,2539495779.744681,0.005164582621505226
9,128,512,119,2589596028.275132,0.00526647169529588
9,128,512,120,2568373819.9148936,0.005223312006131809
9,128,512,121,2565136205.2173915,0.005216727656303305
9,128,512,122,2559062568.4559584,0.005204375677175154
9,128,512,123,2569243990.6796117,0.00522508167586115
9,128,512,124,2546398783.6595745,0.005178621287896956
9,128,512,125,2563938276.7524753,0.005214291424441429
9,128,512,126,2561722258.962963,0.005209784700289357
9,128,512,127,2570029719.2156863,0.00522667961509578
9,128,512,128,2534936420.6601944,0.005155310234883931
10,128,512,0,0.00010915828170254827,3.6415034879418454e-16
10,128,512,1,19341747712.0,0.0645237728714586
10,128,512,2,9447093088.0,0.03151535723565737
10,128,512,3,19072946176.0,0.06362705508180393
10,128,512,4,8120015829.333333,0.027088247912544824
10,128,512,5,4436021011.2,0.014798497862843334
10,128,512,6,4140978602.6666665,0.013814240926028787
10,128,512,7,3268822336.0,0.01090474103508019
10,128,512,8,3189861010.285714,0.010641327267002919
10,128,512,9,3097547638.857143,0.010333371279790851
10,128,512,10,4696239073.882353,0.01566658131753291
10,128,512,11,2890416780.0,0.009642385920526929
10,128,512,12,2746877776.0,0.009163542010958961
10,128,512,13,2538052104.347826,0.008466902782278763
10,128,512,14,2503994461.090909,0.008353287008214918
10,128,512,15,2500901501.3333335,0.008342968942036517
10,128,512,16,2558949176.0,0.008536615091892175
10,128,512,17,2646458445.2413793,0.008828544668099755
10,128,512,18,2343405943.4666667,0.007817566183435357
10,128,512,19,2354923123.2,0.007855987317879804
10,128,512,20,2299482632.2580647,0.007671038692828709
10,128,512,21,2268677896.888889,0.007568274569445334
10,128,512,22,2267295068.2352943,0.007563661474326255
10,128,512,23,2241098786.742857,0.007476271082192966
10,128,512,24,2209168633.263158,0.007369752581302961
10,128,512,25,2157142087.6190476,0.007196192825255455
10,128,512,26,2116542789.8181818,0.007060754192250304
10,128,512,27,2123547790.0487804,0.007084122765275545
10,128,512,28,2144758180.5714285,0.007154880301821697
10,128,512,29,2102650530.6666667,0.00701440982939794
10,128,512,30,2089490875.9148936,0.006970509423554915
10,128,512,31,2054583075.6923077,0.006854057538929878
10,128,512,32,2043237610.24,0.00681620924068579
10,128,512,33,2046353457.2307692,0.006826603658322097
10,128,512,34,2041233220.491228,0.006809522627313442
10,128,512,35,1993846402.4615386,0.006651440931223908
10,128,512,36,1995580508.689655,0.006657225882928585
10,128,512,37,1960914745.2631578,0.006541581429332528
10,128,512,38,1971602871.0,0.006577236852396378
10,128,512,39,1993549842.580645,0.00665045161202264
10,128,512,40,1985220786.9830508,0.006622666010658421
10,128,512,41,1970867577.4117646,0.006574783924295588
10,128,512,42,1925790478.5454545,0.006424407415809255
10,128,512,43,1914947806.2222223,0.006388236427710293
10,128,512,44,1912232221.6811595,0.006379177279449763
10,128,512,45,1905664061.1764705,0.0063572659970311165
10,128,512,46,1896237455.5675676,0.006325818985710608
10,128,512,47,1888331079.890411,0.006299443438059722
10,128,512,48,1876459021.9487178,0.006259838435370573
10,128,512,49,1883982801.6842105,0.0062849376488447834
10,128,512,50,1862612300.952381,0.00621364598710346
10,128,512,51,1867487405.0370371,0.006229909259345809
10,128,512,52,1852423733.3333333,0.006179657082236861
10,128,512,53,1846314024.1860466,0.00615927518649506
10,128,512,54,1863680666.074074,0.0062172100367168855
10,128,512,55,1848411700.4255319,0.006166273002165587
10,128,512,56,1821016314.0465117,0.006074882414574112
10,128,512,57,1832186945.4222221,0.006112147469027798
10,128,512,58,1838890469.9780219,0.006134510323838912
10,128,512,59,1813502787.4782608,0.006049817405508116
10,128,512,60,1815960572.0816326,0.006058016537141734
10,128,512,61,1804840411.7113402,0.006020919853185828
10,128,512,62,1808714437.877551,0.00603384354488984
10,128,512,63,1781656914.56,0.005943580063274749
10,128,512,64,1805567230.6804123,0.006023344510087437
10,128,512,65,1798893391.4074075,0.006001080684923136
10,128,512,66,1778179960.96,0.0059319809995442355
10,128,512,67,1769441756.3773584,0.005902830483459027
10,128,512,68,1783567851.0442479,0.005949954917994051
10,128,512,69,1777146357.5384614,0.005928532914427856
10,128,512,70,1750135818.857143,0.0058384261728365635
10,128,512,71,1766630299.5140188,0.005893451506605994
10,128,512,72,1761348777.0666666,0.005875832428956821
10,128,512,73,1775454824.8275862,0.005922889987321871
10,128,512,74,1778145085.2413793,0.00593186465468334
10,128,512,75,1755056268.907563,0.005854840718523233
10,128,512,76,1756573434.1333334,0.005859901958380857
10,128,512,77,1752599990.7096775,0.005846646612235147
10,128,512,78,1752962700.3697479,0.005847856606082297
10,128,512,79,1730629573.1612904,0.00577335363722112
10,128,512,80,1741513248.9846153,0.005809661412365716
10,128,512,81,1737332044.8,0.005795712979517017
10,128,512,82,1746547067.7014925,0.0058264541541799605
10,128,512,83,1725735553.5238094,0.005757027262985488
10,128,512,84,1718542975.522388,0.005733032933401919
10,128,512,85,1719902292.5547445,0.0057375675941141804
10,128,512,86,1734935496.9411764,0.005787718132721327
10,128,512,87,1706911907.710145,0.005694231870077942
10,128,512,88,1718145390.4122138,0.005731706595589642
10,128,512,89,1719638541.2266667,0.005736687723740477
10,128,512,90,1710161312.463768,0.005705071834356875
10,128,512,91,1717528208.0,0.005729647684555391
10,128,512,92,1704101286.4,0.005684855680617516
10,128,512,93,1711163829.041096,0.005708416214239115
10,128,512,94,1705354622.3157895,0.005689036789955007
10,128,512,95,1704566520.0551724,0.005686407692935404
10,128,512,96,1713967717.9733334,0.005717769944590392
10,128,512,97,1693662277.265823,0.005650031306708491
10,128,512,98,1689724725.4736843,0.005636895694493472
10,128,512,99,1689486446.1118011,0.0056361007982072085
10,128,512,100,1695359370.1052632,0.005655692782317848
10,128,512,101,1688078924.7228916,0.005631405328502918
10,128,512,102,1683712422.5590062,0.005616838744445446
10,128,512,103,1695822582.1538463,0.005657238050587247
10,128,512,104,1691751987.4285715,0.005643658609193623
10,128,512,105,1680570786.5838509,0.005606358295153888
10,128,512,106,1694866045.7931035,0.005654047060000313
10,128,512,107,1669737556.1904762,0.005570218805187704
10,128,512,108,1687424948.433735,0.005629223673661113
10,128,512,109,1675896824.1403508,0.0055907660283326735
10,128,512,110,1676205536.7441862,0.005591795888830754
10,128,512,111,1679841255.4666667,0.005603924590567893
10,128,512,112,1680597187.2914286,0.005606446367508297
10,128,512,113,1663809938.6966293,0.005550444364401023
10,128,512,114,1675247409.8924732,0.005588599592390406
10,128,512,115,1667467770.3111112,0.00556264683440576
10,128,512,116,1663686529.7877095,0.0055500326741790215
10,128,512,117,1649660295.3043478,0.005503241371680294
10,128,512,118,1649951003.5744681,0.005504211169998027
10,128,512,119,1646155041.862434,0.005491547900112437
10,128,512,120,1657743035.2340426,0.005530205267764986
10,128,512,121,1656643314.4347825,0.00552653661609348
10,128,512,122,1652352614.134715,0.005512222905887795
10,128,512,123,1632124790.368932,0.005444743196929668
10,128,512,124,1640907224.1702127,0.005474041261007966
10,128,512,125,1640631552.6336634,0.0054731216250021465
10,128,512,126,1642854375.6190476,0.0054805369282921075
10,128,512,127,1652439426.8235295,0.005512512511682412
10,128,512,128,1635338627.7281554,0.005455464508927946
11,128,512,0,0.00016135975602082908,7.269537427158758e-16
11,128,512,1,20145569760.0,0.09075929275875537
11,128,512,2,8773709184.0,0.03952708460953634
11,128,512,3,13718968563.2,0.061806337522797884
11,128,512,4,7291638496.0,0.03285009859902194
11,128,512,5,4376214713.6,0.01971560780352907
11,128,512,6,3599174449.7777777,0.016214906377371857
11,128,512,7,3053882250.6666665,0.013758270256984916
11,128,512,8,2897046486.857143,0.013051697885381186
11,128,512,9,2577772612.571429,0.011613313596838771
11,128,512,10,6152027617.882353,0.02771595354627155
11,128,512,11,2741178808.0,0.012349486904726197
11,128,512,12,2121301913.6,0.009556833770390736
11,128,512,13,1956654970.4347825,0.00881507067832686
11,128,512,14,2089678001.4545455,0.00941436255042627
11,128,512,15,1920902338.6666667,0.00865399885895438
11,128,512,16,2109017973.3333333,0.00950149248472965
11,128,512,17,2486488328.827586,0.01120206203476924
11,128,512,18,1714847857.0666666,0.007725687610248949
11,128,512,19,1613262421.3333333,0.007268027568285095
11,128,512,20,1579327331.096774,0.007115144089373022
11,128,512,21,1575189472.0,0.007096502315045832
11,128,512,22,1510162829.1764705,0.006803545988496161
11,128,512,23,1637345912.6857142,0.0073765278821676895
11,128,512,24,1536640330.1052632,0.006922831731562507
11,128,512,25,1472575428.5714285,0.006634208216658745
11,128,512,26,1424128695.2727273,0.006415947263851513
11,128,512,27,1394280775.804878,0.00628147719953985
11,128,512,28,1431116001.5238094,0.00644742629279892
11,128,512,29,1393555813.3333333,0.006278211117618221
11,128,512,30,1407917239.8297873,0.006342911839779629
11,128,512,31,1384322595.0769231,0.006236613864781873
11,128,512,32,1375947925.76,0.006198884524120505
11,128,512,33,1368555844.3076923,0.006165581912547877
11,128,512,34,1356669903.7192984,0.00611203368460363
11,128,512,35,1343041136.0,0.006050633717558127
11,128,512,36,1324625053.2413793,0.005967666064298807
11,128,512,37,1327114235.508772,0.005978880262994977
11,128,512,38,1318723169.0,0.005941077050134751
11,128,512,39,1327855626.3225806,0.005982220357453497
11,128,512,40,1305012599.8644068,0.0058793085534930125
11,128,512,41,1287808289.4117646,0.005801800145059502
11,128,512,42,1299532131.878788,0.005854618092796816
11,128,512,43,1299988810.2222223,0.005856675508097655
11,128,512,44,1294825875.0144928,0.005833415587748159
11,128,512,45,1284758405.1764705,0.005788059886556563
11,128,512,46,1264197951.5675676,0.005695431469958073
11,128,512,47,1277032264.328767,0.005753252279353297
11,128,512,48,1247741924.9230769,0.005621294210120494
11,128,512,49,1244250760.0,0.005605565905431303
11,128,512,50,1241703312.3809524,0.0055940892112003055
11,128,512,51,1246562143.2098765,0.005615979088474623
11,128,512,52,1232900992.8205128,0.005554433231872866
11,128,512,53,1229480573.7674417,0.005539023649622594
11,128,512,54,1223728233.4814816,0.005513108356966139
11,128,512,55,1215145944.8510637,0.0054744436552164365
11,128,512,56,1214827265.860465,0.005473007950982285
11,128,512,57,1216807176.1777778,0.005481927791039719
11,128,512,58,1222527782.6813188,0.005507700117491533
11,128,512,59,1210540985.3913043,0.005453697512579143
11,128,512,60,1198490493.7142856,0.005399407953384194
11,128,512,61,1190816321.9793816,0.00536483447606552
11,128,512,62,1197204715.1020408,0.0053936152972874985
11,128,512,63,1196542443.84,0.005390631650159452
11,128,512,64,1181967578.0618556,0.005324969346941567
11,128,512,65,1175323282.3703704,0.0052950356401751004
11,128,512,66,1198920848.96,0.005401346778555255
11,128,512,67,1174748881.509434,0.005292447864474553
11,128,512,68,1173964414.300885,0.005288913703371713
11,128,512,69,1176925702.1538463,0.005302254819775554
11,128,512,70,1167710446.857143,0.005260738493194371
11,128,512,71,1168587578.6168225,0.005264690124203727
11,128,512,72,1166358961.8666666,0.0052546498184449855
11,128,512,73,1180651110.8965516,0.005319038433580142
11,128,512,74,1160632852.9655173,0.005228852702735713
11,128,512,75,1172813104.9411764,0.00528372685462638
11,128,512,76,1147895990.4,0.005171470923407383
11,128,512,77,1143506211.8709676,0.005151694208258149
11,128,512,78,1149731547.4285715,0.005179740426812657
11,128,512,79,1145792771.3548386,0.005161995556101832
11,128,512,80,1138969352.8615384,0.005131254869984402
11,128,512,81,1139296232.192,0.005132727518174728
11,128,512,82,1142136682.9850745,0.005145524242624159
11,128,512,83,1143326984.8888888,0.005150886759556992
11,128,512,84,1128009603.8208954,0.005081879295920609
11,128,512,85,1134808316.729927,0.005112508679087458
11,128,512,86,1129024420.235294,0.005086451220226948
11,128,512,87,1126242855.884058,0.005073919789431558
11,128,512,88,1133591289.1603053,0.005107025758385652
11,128,512,89,1122540297.3866668,0.005057239119953131
11,128,512,90,1121685932.7536232,0.005053390058805846
11,128,512,91,1118513048.2222223,0.005039095662593389
11,128,512,92,1119823281.8758621,0.0050449984929014785
11,128,512,93,1119713531.3972602,0.005044504047922433
11,128,512,94,1113997654.3157895,0.005018753028338947
11,128,512,95,1110653247.337931,0.005003685893697236
11,128,512,96,1113728451.6266668,0.005017540223441165
11,128,512,97,1107138120.101266,0.004987849634621049
11,128,512,98,1108719523.1578948,0.004994974130214673
11,128,512,99,1097637326.9068322,0.004945046910188499
11,128,512,100,1099377982.3157895,0.00495288886530497
11,128,512,101,1094686493.301205,0.004931752891985685
11,128,512,102,1100095200.5962732,0.004956120058300048
11,128,512,103,1105296096.2051282,0.004979550996853547
11,128,512,104,1088354119.4285715,0.0049032244472203565
11,128,512,105,1089554534.7577639,0.004908632526892076
11,128,512,106,1080817501.7931035,0.004869270675024427
11,128,512,107,1083166964.0,0.004879855410566866
11,128,512,108,1084872980.433735,0.00488754131108024
11,128,512,109,1087102506.6666667,0.004897585714216942
11,128,512,110,1084969828.2790697,0.004887977627454138
11,128,512,111,1081731518.2222223,0.004873388477879595
11,128,512,112,1079030008.8685715,0.004861217708760653
11,128,512,113,1079562972.0449438,0.004863618800491007
11,128,512,114,1067376828.9032258,0.004808718107873451
11,128,512,115,1066859711.4666667,0.004806388403954701
11,128,512,116,1066845553.1620111,0.004806324618331732
11,128,512,117,1068626827.6521739,0.004814349569468006
11,128,512,118,1071458640.1702127,0.004827107376987201
11,128,512,119,1061687326.9841269,0.004783085912980047
11,128,512,120,1063250085.9574468,0.004790126413738309
11,128,512,121,1069941793.7391304,0.0048202737202106116
11,128,512,122,1054585547.9378239,0.00475109116419656
11,128,512,123,1058249595.4951457,0.004767598335197365
11,128,512,124,1059167059.4042553,0.0047717316695490095
11,128,512,125,1053597452.8316832,0.0047466396240276746
11,128,512,126,1046147220.4867725,0.0047130750325781404
11,128,512,127,1043616624.0,0.00470167425562651
11,128,512,128,1051044222.7572815,0.004735136878830406
13,128,512,0,0.013892780058085918,1.448164103676635e-13
13,128,512,1,17901436624.0,0.18660208982456722
13,128,512,2,5343291620.0,0.055697729951871666
13,128,512,3,3228727427.2,0.03365580640503896
13,128,512,4,2841425618.6666665,0.029618626128219045
13,128,512,5,1773835369.6,0.01849021360265178
13,128,512,6,1500346954.6666667,0.01563940833817658
13,128,512,7,1132068502.6666667,0.011800524888541965
13,128,512,8,1067502309.7142857,0.011127495857968081
13,128,512,9,1056147636.5714285,0.011009136321678608
13,128,512,10,952928729.4117647,0.009933196764985225
13,128,512,11,888251116.0,0.009259006303013018
13,128,512,12,788566266.4,0.008219905271631588
13,128,512,13,724925387.1304348,0.007556521582411214
13,128,512,14,744219451.6363636,0.007757640231916108
13,128,512,15,690883673.3333334,0.007201675484348189
13,128,512,16,711627551.3333334,0.007417906788414385
13,128,512,17,647094563.862069,0.006745223887165211
13,128,512,18,602075669.8666667,0.006275953186853357
13,128,512,19,598307280.0,0.0062366720141093235
13,128,512,20,621698508.9032258,0.0064804989364164916
13,128,512,21,563936472.8888888,0.005878395493034372
13,128,512,22,605696733.6470588,0.006313698652929713
13,128,512,23,595426680.6857142,0.006206645046817084
13,128,512,24,576883855.1578947,0.006013357208113427
13,128,512,25,561375299.8095238,0.005851698180463872
13,128,512,26,553986421.0909091,0.005774677534617757
13,128,512,27,569415936.3902439,0.005935512659770559
13,128,512,28,554262462.4761904,0.00577755495169067
13,128,512,29,548832581.6666666,0.00572095462804977
13,128,512,30,544485890.0425532,0.005675645318081033
13,128,512,31,529530501.84615386,0.005519752428018548
13,128,512,32,531539436.16,0.005540693280373459
13,128,512,33,537109963.0769231,0.005598759679509731
13,128,512,34,524302019.64912283,0.005465251455550868
13,128,512,35,540677221.2307693,0.00563594428320567
13,128,512,36,528316246.8965517,0.0055070952030184155
13,128,512,37,524126427.50877196,0.005463421107460128
13,128,512,38,510335585.5,0.005319667285164816
13,128,512,39,515741354.32258064,0.005376016268801675
13,128,512,40,503414479.4576271,0.005247522636747452
13,128,512,41,507295188.7058824,0.0052879746111300615
13,128,512,42,501032537.6969697,0.005222693606557596
13,128,512,43,504025270.8888889,0.005253889441820939
13,128,512,44,499595511.1884058,0.0052077142417578
13,128,512,45,503831180.4705882,0.005251866270249263
13,128,512,46,498885258.3783784,0.005200310665081882
13,128,512,47,508868555.39726025,0.005304375167065212
13,128,512,48,501821014.974359,0.005230912584220136
13,128,512,49,496918666.5263158,0.005179811184669518
13,128,512,50,494527233.71428573,0.005154883221077949
13,128,512,51,500205695.4074074,0.005214074717334996
13,128,512,52,500890885.53846157,0.005221217044125152
13,128,512,53,491070283.90697676,0.005118848456270433
13,128,512,54,494149596.6419753,0.005150946784669606
13,128,512,55,493565864.5106383,0.005144862041981458
13,128,512,56,490469477.0232558,0.005112585728734197
13,128,512,57,492358799.82222223,0.00513227976726559
13,128,512,58,491289374.06593406,0.005121132221667598
13,128,512,59,489527790.7826087,0.005102769722111119
13,128,512,60,490073741.3877551,0.005108460635416073
13,128,512,61,485764892.0412371,0.00506354578809474
13,128,512,62,485380426.7755102,0.005059538175546292
13,128,512,63,482286562.08,0.005027288159531227
13,128,512,64,488435843.1340206,0.00509138741143487
13,128,512,65,481692265.3333333,0.005021093292759738
13,128,512,66,483493154.4,0.005039865510344313
13,128,512,67,487736407.0943396,0.005084096587271176
13,128,512,68,475177007.2920354,0.004953179147555181
13,128,512,69,483972503.84615386,0.005044862182415237
13,128,512,70,475887164.85714287,0.004960581731411279
13,128,512,71,479758607.7009346,0.0050009371140803645
13,128,512,72,472457971.2,0.004924836292859262
13,128,512,73,495787094.3448276,0.005168015833364029
13,128,512,74,477642694.0689655,0.004978881124166997
13,128,512,75,474510899.89915967,0.0049462357365782335
13,128,512,76,468782272.53333336,0.00488652132031422
13,128,512,77,467343360.516129,0.004871522301234152
13,128,512,78,464718061.31092435,0.004844156546831559
13,128,512,79,469924520.2580645,0.004898427952000218
13,128,512,80,469551660.9230769,0.004894541318062358
13,128,512,81,466146764.16,0.004859049146960557
13,128,512,82,467878500.8955224,0.004877100530246813
13,128,512,83,469359164.1904762,0.004892534758849141
13,128,512,84,465470701.25373137,0.004852001961094286
13,128,512,85,467691524.20437956,0.004875151511179318
13,128,512,86,460104492.0,0.004796065340910422
13,128,512,87,462061044.28985506,0.004816460170320287
13,128,512,88,464257627.60305345,0.004839357049790121
13,128,512,89,459539857.38666666,0.004790179668098328
13,128,512,90,463103200.5797101,0.004827323462786437
13,128,512,91,465669097.8888889,0.004854070020072576
13,128,512,92,457866648.6068966,0.004772738372096457
13,128,512,93,455454635.17808217,0.004747595879013067
13,128,512,94,456809733.8947368,0.004761721239885352
13,128,512,95,459969131.69655174,0.004794654363901522
13,128,512,96,452993678.29333335,0.004721943206140621
13,128,512,97,460278195.84810126,0.0047978760057049335
13,128,512,98,457293367.05263156,0.004766762564772686
13,128,512,99,456731124.27329195,0.004760901824106047
13,128,512,100,455153059.8947368,0.004744452300132015
13,128,512,101,447002283.1807229,0.0046594897353683965
13,128,512,102,454509680.39751554,0.004737745801583692
13,128,512,103,454043734.8717949,0.0047328888501182815
13,128,512,104,448370895.8095238,0.004673755963384541
13,128,512,105,448509328.5962733,0.00467519896753277
13,128,512,106,449789921.6551724,0.004688547691773429
13,128,512,107,453513915.2380952,0.004727366083819967
13,128,512,108,451328874.1204819,0.004704589518594323
13,128,512,109,453283720.0467836,0.004724966561107431
13,128,512,110,445117516.0,0.004639843183969045
13,128,512,111,447703664.8888889,0.00466680084091023
13,128,512,112,447386807.7714286,0.0046634979663121865
13,128,512,113,443853990.92134833,0.004626672373984664
13,128,512,114,443578312.86021507,0.004623798744152224
13,128,512,115,444182694.5777778,0.004630098735260076
13,128,512,116,447531499.6201117,0.004665006214052966
13,128,512,117,444100016.6086956,0.004629236911589873
13,128,512,118,441514274.4680851,0.004602283494536267
13,128,512,119,439569622.6031746,0.004582012713503697
13,128,512,120,443714736.59574467,0.004625220806229486
13,128,512,121,440295166.8695652,0.004589575686197587
13,128,512,122,441838556.60103625,0.004605663766464852
13,128,512,123,438268687.3786408,0.004568451945352891
13,128,512,124,439034707.9148936,0.0045764368370638546
13,128,512,125,432864772.75247526,0.0045121222896020155
13,128,512,126,440478043.0899471,0.004591481962527204
13,128,512,127,435671918.98039216,0.004541383592120618
13,128,512,128,437391347.4951456,0.004559306676222527
