path,sha256_before,sha256_after,mtime_ns_before,mtime_ns_after,unchanged
F:\目标传感器噪声参数估计\data\500ms\P251621100000.tif,5e1a0e1240676155d19f3f09fd959b80db2ac559056423b3ae5fef6e9ad48643,5e1a0e1240676155d19f3f09fd959b80db2ac559056423b3ae5fef6e9ad48643,1758788472000000000,1758788472000000000,True
F:\目标传感器噪声参数估计\data\500ms\P251621110001.tif,d2917e2e359321ecdd23dc24b97447234553e718de97299c92e13c0cb7c7097a,d2917e2e359321ecdd23dc24b97447234553e718de97299c92e13c0cb7c7097a,1758788472000000000,1758788472000000000,True
F:\目标传感器噪声参数估计\data\500ms\P251621110002.tif,91477b3470d1922272b276e55d54337dc538324b6b1d7679a753f9cf13d2cef5,91477b3470d1922272b276e55d54337dc538324b6b1d7679a753f9cf13d2cef5,1758788472000000000,1758788472000000000,True
F:\目标传感器噪声参数估计\data\500ms\P251621120003.tif,607b985f06645c486b84312597b830fe8aa88cb770cdb73173dce78eb0718eda,607b985f06645c486b84312597b830fe8aa88cb770cdb73173dce78eb0718eda,1758788474000000000,1758788474000000000,True
F:\目标传感器噪声参数估计\data\500ms\P251621120004.tif,956b882b38b9dfdeace0de1e9df0385f5491677e5e799cd0e621e1ccbea9bf35,956b882b38b9dfdeace0de1e9df0385f5491677e5e799cd0e621e1ccbea9bf35,1758788474000000000,1758788474000000000,True
F:\目标传感器噪声参数估计\data\500ms\P251621130005.tif,98598ee69a182c6c2ad1243e388b09e1a3a0de50819b64ab5f93c31ad824d51b,98598ee69a182c6c2ad1243e388b09e1a3a0de50819b64ab5f93c31ad824d51b,1758788474000000000,1758788474000000000,True
F:\目标传感器噪声参数估计\data\500ms\P251621130006.tif,c03bec1b78e68f54b17cc0bd537848a73d26c4ee6028feb09174d7e4e61f4229,c03bec1b78e68f54b17cc0bd537848a73d26c4ee6028feb09174d7e4e61f4229,1758788474000000000,1758788474000000000,True
F:\目标传感器噪声参数估计\data\500ms\P251621140007.tif,a62de1b09dd54e4e8b2b5a216d6c3d464035e35fac308c066f429c4483d889af,a62de1b09dd54e4e8b2b5a216d6c3d464035e35fac308c066f429c4483d889af,1758788476000000000,1758788476000000000,True
F:\目标传感器噪声参数估计\data\500ms\P251621140008.tif,38a2a28c373821b15f0f7d74538f2a5638545682037d542a91b15dfa8e2f8dcd,38a2a28c373821b15f0f7d74538f2a5638545682037d542a91b15dfa8e2f8dcd,1758788476000000000,1758788476000000000,True
F:\目标传感器噪声参数估计\data\500ms\P251621150009.tif,ab75d05accdfcd2423921ca0caad000be1c2fe8557e1fb52d0de7cd1750a4696,ab75d05accdfcd2423921ca0caad000be1c2fe8557e1fb52d0de7cd1750a4696,1758788476000000000,1758788476000000000,True
F:\目标传感器噪声参数估计\data\500ms\P251621150010.tif,e2e1b0a8f97ab27b49a157651ea1e6ee0b546c4ab59dbef4b252c7a7d77b73cd,e2e1b0a8f97ab27b49a157651ea1e6ee0b546c4ab59dbef4b252c7a7d77b73cd,1758788476000000000,1758788476000000000,True
F:\目标传感器噪声参数估计\data\500ms\P251621160011.tif,1499d33211126363cd10cb2bf3cbda05b8cb8daa1d4cac8f549c129244d198bb,1499d33211126363cd10cb2bf3cbda05b8cb8daa1d4cac8f549c129244d198bb,1758788478000000000,1758788478000000000,True
F:\目标传感器噪声参数估计\data\500ms\P251621160012.tif,f4538d939e9d0e4c9fe7e50ecb78d51f8a59af5f95e002952456655c861258b5,f4538d939e9d0e4c9fe7e50ecb78d51f8a59af5f95e002952456655c861258b5,1758788478000000000,1758788478000000000,True
F:\目标传感器噪声参数估计\data\500ms\P251621170013.tif,3320dcd1d4e8dd434ab2c95d5f250bcb6f341377d4ccca247c45015843d02e56,3320dcd1d4e8dd434ab2c95d5f250bcb6f341377d4ccca247c45015843d02e56,1758788478000000000,1758788478000000000,True
F:\目标传感器噪声参数估计\data\500ms\P251621170014.tif,6a2196272df68cbe2ccfab6c7278a58b96bada05d179aa4b02667f803dbc537c,6a2196272df68cbe2ccfab6c7278a58b96bada05d179aa4b02667f803dbc537c,1758788478000000000,1758788478000000000,True
F:\目标传感器噪声参数估计\data\500ms\P251621180015.tif,f87f3bd16e32b96a3a2ced4434fe06aa91e8b0ac93446a8f713f1afb14755976,f87f3bd16e32b96a3a2ced4434fe06aa91e8b0ac93446a8f713f1afb14755976,1758788480000000000,1758788480000000000,True
F:\目标传感器噪声参数估计\data\500ms\P251621180016.tif,db89d9646c1d9395b4e9541c44cf93bce25e6abdd95ab2fa2cbc5d0f14b7e395,db89d9646c1d9395b4e9541c44cf93bce25e6abdd95ab2fa2cbc5d0f14b7e395,1758788480000000000,1758788480000000000,True
F:\目标传感器噪声参数估计\data\500ms\P251621190017.tif,ca33541af2f582a56856771f28abcd0fb493530edda8312f0dfb5e30c3261978,ca33541af2f582a56856771f28abcd0fb493530edda8312f0dfb5e30c3261978,1758788480000000000,1758788480000000000,True
F:\目标传感器噪声参数估计\data\500ms\P251621200018.tif,79c7930fe40309fb2aeecbf3f4f36a52190362881e967600464b9780b0687df9,79c7930fe40309fb2aeecbf3f4f36a52190362881e967600464b9780b0687df9,1758788482000000000,1758788482000000000,True
F:\目标传感器噪声参数估计\data\500ms\P251621200019.tif,3c026d0b87d00818689245cff687a3248e2c6c74004533eccf811e78fff9fcfa,3c026d0b87d00818689245cff687a3248e2c6c74004533eccf811e78fff9fcfa,1758788482000000000,1758788482000000000,True
F:\目标传感器噪声参数估计\data\500ms\P251621220020.tif,24733436a990319d43e7b1b1841f9e77e0c4dcce7a585e7a8310e865550587d9,24733436a990319d43e7b1b1841f9e77e0c4dcce7a585e7a8310e865550587d9,1758788484000000000,1758788484000000000,True
F:\目标传感器噪声参数估计\data\500ms\P251621220021.tif,544b8c2fe44ccec8b8c966ddfe388801e962f45a53b3739d6267868d51d11c33,544b8c2fe44ccec8b8c966ddfe388801e962f45a53b3739d6267868d51d11c33,1758788484000000000,1758788484000000000,True
F:\目标传感器噪声参数估计\data\500ms\P251621230022.tif,21a07294516e3425e06139149ba62c6abba81bd83fca1a069919f1c31dbf87a7,21a07294516e3425e06139149ba62c6abba81bd83fca1a069919f1c31dbf87a7,1758788484000000000,1758788484000000000,True
F:\目标传感器噪声参数估计\data\500ms\P251621230023.tif,6cf3fe10297504dfa0da2ab005104b218ebf3e70b1b74f0df9d9910e10cdec73,6cf3fe10297504dfa0da2ab005104b218ebf3e70b1b74f0df9d9910e10cdec73,1758788484000000000,1758788484000000000,True
F:\目标传感器噪声参数估计\data\500ms\P251621240024.tif,913899c9ef618aae9d219162a410af748eeb9c80f4fc77f93718adf23c526b00,913899c9ef618aae9d219162a410af748eeb9c80f4fc77f93718adf23c526b00,1758788486000000000,1758788486000000000,True
F:\目标传感器噪声参数估计\data\500ms\P251621240025.tif,bfa559f3c861bcbabbb18ffe67099c534296def325f2712d3a7e13e042d9e328,bfa559f3c861bcbabbb18ffe67099c534296def325f2712d3a7e13e042d9e328,1758788486000000000,1758788486000000000,True
F:\目标传感器噪声参数估计\data\500ms\P251621250026.tif,91d613b4e3a9e816815f9384742133d551c9732ccbd9edeb5d5cb182f7878638,91d613b4e3a9e816815f9384742133d551c9732ccbd9edeb5d5cb182f7878638,1758788486000000000,1758788486000000000,True
F:\目标传感器噪声参数估计\data\500ms\P251621250027.tif,60b7211563f8f74b2fb8b98c90fe815c936208735bc0087df90d5fec85f3007d,60b7211563f8f74b2fb8b98c90fe815c936208735bc0087df90d5fec85f3007d,1758788486000000000,1758788486000000000,True
F:\目标传感器噪声参数估计\data\500ms\P251621260028.tif,c7fbea10827903103c51042a440d68b9cec02c34f14799c6e9232aa096cace22,c7fbea10827903103c51042a440d68b9cec02c34f14799c6e9232aa096cace22,1758788488000000000,1758788488000000000,True
F:\目标传感器噪声参数估计\data\500ms\P251621260029.tif,b7d8ddbef185fddbccc89c00398b65f7cc320ad9b53f5f231f3698755139436d,b7d8ddbef185fddbccc89c00398b65f7cc320ad9b53f5f231f3698755139436d,1758788488000000000,1758788488000000000,True
F:\目标传感器噪声参数估计\data\500ms\P251621280030.tif,3785b8aaf874dc2a30cc7a112d50d0aa43c42b0dc7c860d0ceddfae2aeb57c16,3785b8aaf874dc2a30cc7a112d50d0aa43c42b0dc7c860d0ceddfae2aeb57c16,1758788490000000000,1758788490000000000,True
F:\目标传感器噪声参数估计\data\500ms\P251621280031.tif,02d14c53cccac9fd810f6c4095b2e002e7fe0c901d1ad3d694ccbccfa7363b3a,02d14c53cccac9fd810f6c4095b2e002e7fe0c901d1ad3d694ccbccfa7363b3a,1758788490000000000,1758788490000000000,True
F:\目标传感器噪声参数估计\data\500ms\P251621290032.tif,4d988a34cb154162e6e2ad51819120036845ff168bdf3db57a0a1804af9a321d,4d988a34cb154162e6e2ad51819120036845ff168bdf3db57a0a1804af9a321d,1758788490000000000,1758788490000000000,True
F:\目标传感器噪声参数估计\data\500ms\P251621290033.tif,9f17e6737fab3d528aa853b2e5e67df848b74f9cddec637c9421dbace65cb113,9f17e6737fab3d528aa853b2e5e67df848b74f9cddec637c9421dbace65cb113,1758788490000000000,1758788490000000000,True
F:\目标传感器噪声参数估计\data\500ms\P251621300034.tif,8f84cdd9702f645cd4deff0de8823f5451b43d13758cf789b7278cd287538b67,8f84cdd9702f645cd4deff0de8823f5451b43d13758cf789b7278cd287538b67,1758788492000000000,1758788492000000000,True
F:\目标传感器噪声参数估计\data\500ms\P251621300035.tif,bb9413b7cfc55de62a15b7c314f4a54689b85a8fcbb953c8aabc9ca175c932fa,bb9413b7cfc55de62a15b7c314f4a54689b85a8fcbb953c8aabc9ca175c932fa,1758788492000000000,1758788492000000000,True
F:\目标传感器噪声参数估计\data\500ms\P251621310036.tif,5684679a9f57db6b8e3b4cebf6956b169fbc9ae8759ff77c443e88c25c46baea,5684679a9f57db6b8e3b4cebf6956b169fbc9ae8759ff77c443e88c25c46baea,1758788492000000000,1758788492000000000,True
F:\目标传感器噪声参数估计\data\500ms\P251621310037.tif,d8740df78e2e3181bff4aecf615900a6f456deac903be96db9507ce9d43fd6dc,d8740df78e2e3181bff4aecf615900a6f456deac903be96db9507ce9d43fd6dc,1758788492000000000,1758788492000000000,True
F:\目标传感器噪声参数估计\data\500ms\P251621320038.tif,f641acc89f25e3e1820886e34eb82963a5933b835617f80683b39b9e339c4239,f641acc89f25e3e1820886e34eb82963a5933b835617f80683b39b9e339c4239,1758788494000000000,1758788494000000000,True
F:\目标传感器噪声参数估计\data\500ms\P251621320039.tif,05611d14de8a7f55c91027aeec6e105a60c913bda2924477afd9445b5326c413,05611d14de8a7f55c91027aeec6e105a60c913bda2924477afd9445b5326c413,1758788494000000000,1758788494000000000,True
F:\目标传感器噪声参数估计\data\500ms\P251621330040.tif,242fbca059c1fb5b8eacf593a769205f468e5bea2f6bd9400ed7d229a40f2034,242fbca059c1fb5b8eacf593a769205f468e5bea2f6bd9400ed7d229a40f2034,1758788494000000000,1758788494000000000,True
F:\目标传感器噪声参数估计\data\500ms\P251621330041.tif,c894512484088b9fd6b54c49e184addcc557a291a6feb6b2efdb421cdf5a0690,c894512484088b9fd6b54c49e184addcc557a291a6feb6b2efdb421cdf5a0690,1758788494000000000,1758788494000000000,True
F:\目标传感器噪声参数估计\data\500ms\P251621340042.tif,391d11675d4e6ef06e8e1d6b0236238caa8bcc8463fd0029127e234f84ee3bf5,391d11675d4e6ef06e8e1d6b0236238caa8bcc8463fd0029127e234f84ee3bf5,1758788496000000000,1758788496000000000,True
F:\目标传感器噪声参数估计\data\500ms\P251621340043.tif,0c91b77d0afb5918843b5b9b4429f5bc14a1ef568a1a61de477383e2797b6300,0c91b77d0afb5918843b5b9b4429f5bc14a1ef568a1a61de477383e2797b6300,1758788496000000000,1758788496000000000,True
F:\目标传感器噪声参数估计\data\500ms\P251621350044.tif,3d0299eaf817a0e7cf4fc96108f839fc8bb80a2d468f6af7e328a098986ce7ee,3d0299eaf817a0e7cf4fc96108f839fc8bb80a2d468f6af7e328a098986ce7ee,1758788496000000000,1758788496000000000,True
F:\目标传感器噪声参数估计\data\500ms\P251621350045.tif,ee5ed337ac8d2e8a6153d8f281c9458ac1c91a15b50fafe8f7dedc5964f344fe,ee5ed337ac8d2e8a6153d8f281c9458ac1c91a15b50fafe8f7dedc5964f344fe,1758788496000000000,1758788496000000000,True
F:\目标传感器噪声参数估计\data\500ms\P251621360046.tif,dfa766adef5f1dd3eee4e734eada75c72ebace30dd1f4047f418a23ace372c99,dfa766adef5f1dd3eee4e734eada75c72ebace30dd1f4047f418a23ace372c99,1758788498000000000,1758788498000000000,True
F:\目标传感器噪声参数估计\data\500ms\P251621360047.tif,0a5191d88c7a85afa1a4102c8945cff36f44ebb5cab311a4443905aa141c0092,0a5191d88c7a85afa1a4102c8945cff36f44ebb5cab311a4443905aa141c0092,1758788498000000000,1758788498000000000,True
F:\目标传感器噪声参数估计\data\500ms\P251621370048.tif,5d2b83eaa00bdcc33ed0d6fd4d13064a9de7eda2b0ce31e9ae1510128f329b4f,5d2b83eaa00bdcc33ed0d6fd4d13064a9de7eda2b0ce31e9ae1510128f329b4f,1758788498000000000,1758788498000000000,True
F:\目标传感器噪声参数估计\data\500ms\P251621370049.tif,3ad376e0eb6f7cff9b6415cf55b35c4a062deadb97e8091517a9acab3461d13c,3ad376e0eb6f7cff9b6415cf55b35c4a062deadb97e8091517a9acab3461d13c,1758788498000000000,1758788498000000000,True
F:\目标传感器噪声参数估计\data\500ms\P251621380050.tif,63a97b6c9a8b9b7bd50768c2b46dbb8f61e22877c85febd648f0d7a1fdd8daa3,63a97b6c9a8b9b7bd50768c2b46dbb8f61e22877c85febd648f0d7a1fdd8daa3,1758788500000000000,1758788500000000000,True
F:\目标传感器噪声参数估计\data\500ms\P251621380051.tif,7b3cb9ca2e76630b748a095e3ca86bb3a8ce4c1ad6fa4c1a74689114e651d097,7b3cb9ca2e76630b748a095e3ca86bb3a8ce4c1ad6fa4c1a74689114e651d097,1758788500000000000,1758788500000000000,True
F:\目标传感器噪声参数估计\data\500ms\P251621390052.tif,c53d3811c637383c24f6bf2fc2e55533bfb795affd1de671905cdaa127e241d9,c53d3811c637383c24f6bf2fc2e55533bfb795affd1de671905cdaa127e241d9,1758788500000000000,1758788500000000000,True
F:\目标传感器噪声参数估计\data\500ms\P251621390053.tif,2422c0b8c94918bc586a66fbe45d12cfb5dfc216b1ca9e3530ddd19a54ff85f8,2422c0b8c94918bc586a66fbe45d12cfb5dfc216b1ca9e3530ddd19a54ff85f8,1758788500000000000,1758788500000000000,True
F:\目标传感器噪声参数估计\data\500ms\P251621400054.tif,aafe087e83fdac886ec774a94a239e2e285f6f362d8b8b2ae8777e3f6af46d96,aafe087e83fdac886ec774a94a239e2e285f6f362d8b8b2ae8777e3f6af46d96,1758788502000000000,1758788502000000000,True
F:\目标传感器噪声参数估计\data\500ms\P251621400055.tif,210bc2148032d27650103837e1ab88f15a21e145d7a7131c7f62b86898cfd9d1,210bc2148032d27650103837e1ab88f15a21e145d7a7131c7f62b86898cfd9d1,1758788502000000000,1758788502000000000,True
F:\目标传感器噪声参数估计\data\500ms\P251621410056.tif,77248521468a2565006819c18e4d9f8795127e3fafd89b65f1b5c9d2121afa75,77248521468a2565006819c18e4d9f8795127e3fafd89b65f1b5c9d2121afa75,1758788502000000000,1758788502000000000,True
F:\目标传感器噪声参数估计\data\500ms\P251621410057.tif,f82c419c39cff79029799b90e54e1a69d78f5876310a351b83ea80efe6634116,f82c419c39cff79029799b90e54e1a69d78f5876310a351b83ea80efe6634116,1758788502000000000,1758788502000000000,True
F:\目标传感器噪声参数估计\data\500ms\P251621420058.tif,23cfd970fcb9d4cee45fdd4f7f64453ccbe5667f73d86d32e0c61fb73520641a,23cfd970fcb9d4cee45fdd4f7f64453ccbe5667f73d86d32e0c61fb73520641a,1758788504000000000,1758788504000000000,True
F:\目标传感器噪声参数估计\data\500ms\P251621420059.tif,563260890a53d7f2d62cadff93437d9e04e116a04b85fa41e5817d170a16c7bd,563260890a53d7f2d62cadff93437d9e04e116a04b85fa41e5817d170a16c7bd,1758788504000000000,1758788504000000000,True
F:\目标传感器噪声参数估计\data\500ms\P251621430060.tif,9a3fa624a04c0aac4c3d63ddc70af230ef567d98f6b655e906c02b60038e87b3,9a3fa624a04c0aac4c3d63ddc70af230ef567d98f6b655e906c02b60038e87b3,1758788504000000000,1758788504000000000,True
F:\目标传感器噪声参数估计\data\500ms\P251621430061.tif,28f928f6fc9d1cba6ef76a37e50564aabdcc5ff73ff602c447aa664aca7fb6c4,28f928f6fc9d1cba6ef76a37e50564aabdcc5ff73ff602c447aa664aca7fb6c4,1758788504000000000,1758788504000000000,True
F:\目标传感器噪声参数估计\data\500ms\P251621440062.tif,6636dfeb852ac2bf0586c2366d337a9f29c0ef67ed340d289470ba45a88ef109,6636dfeb852ac2bf0586c2366d337a9f29c0ef67ed340d289470ba45a88ef109,1758788506000000000,1758788506000000000,True
F:\目标传感器噪声参数估计\data\500ms\P251621440063.tif,61f607f7ae1ec8a287105e06cc3dda01a816e3fde5a8b5ec05127e22b36717c5,61f607f7ae1ec8a287105e06cc3dda01a816e3fde5a8b5ec05127e22b36717c5,1758788506000000000,1758788506000000000,True
F:\目标传感器噪声参数估计\data\500ms\P251621450064.tif,cf0b0c9fc48c2714edce3f2bd8ee58ccbe6576f1a67db475c8a3eb9f41231e3f,cf0b0c9fc48c2714edce3f2bd8ee58ccbe6576f1a67db475c8a3eb9f41231e3f,1758788506000000000,1758788506000000000,True
F:\目标传感器噪声参数估计\data\500ms\P251621450065.tif,6664cd851a07a32b55f889de14cb1c8a40d385cf8595666ef0f150132261eb1b,6664cd851a07a32b55f889de14cb1c8a40d385cf8595666ef0f150132261eb1b,1758788506000000000,1758788506000000000,True
F:\目标传感器噪声参数估计\data\500ms\P251621460066.tif,02c46a70fc25bd849903958a1efe98f69fa2496d2391c181c61dee187bebe4c7,02c46a70fc25bd849903958a1efe98f69fa2496d2391c181c61dee187bebe4c7,1758788508000000000,1758788508000000000,True
F:\目标传感器噪声参数估计\data\500ms\P251621460067.tif,2b3c728264962b69219c0c2b246490991b8a39f47eae5a04d63bfbad009240e0,2b3c728264962b69219c0c2b246490991b8a39f47eae5a04d63bfbad009240e0,1758788508000000000,1758788508000000000,True
F:\目标传感器噪声参数估计\data\500ms\P251621470068.tif,89e27d674b8fb8ec3dad23bdac591203364adf0717352535dd909a01e3b7cb31,89e27d674b8fb8ec3dad23bdac591203364adf0717352535dd909a01e3b7cb31,1758788508000000000,1758788508000000000,True
F:\目标传感器噪声参数估计\data\500ms\P251621480069.tif,664e781cb0d7a318f90086fcb024061b39deaceaa5e970c3c266a774b79d5f1b,664e781cb0d7a318f90086fcb024061b39deaceaa5e970c3c266a774b79d5f1b,1758788510000000000,1758788510000000000,True
F:\目标传感器噪声参数估计\data\500ms\P251621480070.tif,bf666a0891bd11532ffbc036122600e2a706637e2f9fa407a5cb4a6cf50e1724,bf666a0891bd11532ffbc036122600e2a706637e2f9fa407a5cb4a6cf50e1724,1758788510000000000,1758788510000000000,True
F:\目标传感器噪声参数估计\data\500ms\P251621500071.tif,813d00f8216945b1af0e458e1baa3278356a6716c4200ed2ffaee4031b646d85,813d00f8216945b1af0e458e1baa3278356a6716c4200ed2ffaee4031b646d85,1758788512000000000,1758788512000000000,True
F:\目标传感器噪声参数估计\data\500ms\P251621510072.tif,5f6ff78994ab68eb4f64bd0a8d2727e2c8f4a4967f63f499d314740779a6b201,5f6ff78994ab68eb4f64bd0a8d2727e2c8f4a4967f63f499d314740779a6b201,1758788512000000000,1758788512000000000,True
F:\目标传感器噪声参数估计\data\500ms\P251621510073.tif,bf0fdae7addedf1cd4f8832515a618d14cc066cad4615ea621117c4da27b486b,bf0fdae7addedf1cd4f8832515a618d14cc066cad4615ea621117c4da27b486b,1758788512000000000,1758788512000000000,True
F:\目标传感器噪声参数估计\data\500ms\P251621520074.tif,e1caec4480b61da41209cbc0e50606e4a35aba90cc3007e51787c017f57f59a1,e1caec4480b61da41209cbc0e50606e4a35aba90cc3007e51787c017f57f59a1,1758788514000000000,1758788514000000000,True
F:\目标传感器噪声参数估计\data\500ms\P251621520075.tif,c3d7f558423ca717ad2d8ed958171b42cdc882a30211bf96a403e12531478c7e,c3d7f558423ca717ad2d8ed958171b42cdc882a30211bf96a403e12531478c7e,1758788514000000000,1758788514000000000,True
F:\目标传感器噪声参数估计\data\500ms\P251621530076.tif,59f21143a38eba488b9049ec54e410b8c4e8b394d36808534b98cb691a28e727,59f21143a38eba488b9049ec54e410b8c4e8b394d36808534b98cb691a28e727,1758788514000000000,1758788514000000000,True
F:\目标传感器噪声参数估计\data\500ms\P251621530077.tif,7ccc9c07a62fb7773a8042c80e204819e703ad342d2eeec6ff7277314d25bca5,7ccc9c07a62fb7773a8042c80e204819e703ad342d2eeec6ff7277314d25bca5,1758788514000000000,1758788514000000000,True
F:\目标传感器噪声参数估计\data\500ms\P251621540078.tif,5315e9cebc56b570be1b3553d99d7b20cec839b46df438d886d0b23bad32475f,5315e9cebc56b570be1b3553d99d7b20cec839b46df438d886d0b23bad32475f,1758788516000000000,1758788516000000000,True
F:\目标传感器噪声参数估计\data\500ms\P251621540079.tif,aa25ba90cffa8319ff36e73836dee9ab6f2a3b519bdf940a5c9d214654aa7fda,aa25ba90cffa8319ff36e73836dee9ab6f2a3b519bdf940a5c9d214654aa7fda,1758788516000000000,1758788516000000000,True
F:\目标传感器噪声参数估计\data\500ms\P251621550080.tif,12d515bdd6b81783642acd445adc24da0b5f053d7c4082a18baca947c4f431f0,12d515bdd6b81783642acd445adc24da0b5f053d7c4082a18baca947c4f431f0,1758788516000000000,1758788516000000000,True
F:\目标传感器噪声参数估计\data\500ms\P251621550081.tif,46fb0b17ecc1cc1d575b425767b96361eaab21b58026136b4e15ba1ae5e23f89,46fb0b17ecc1cc1d575b425767b96361eaab21b58026136b4e15ba1ae5e23f89,1758788516000000000,1758788516000000000,True
F:\目标传感器噪声参数估计\data\500ms\P251621560082.tif,edb02518e6ec8606941ac70dd33b4e4d7a1b6c1bef7bf8720a7898efc291d56c,edb02518e6ec8606941ac70dd33b4e4d7a1b6c1bef7bf8720a7898efc291d56c,1758788518000000000,1758788518000000000,True
F:\目标传感器噪声参数估计\data\500ms\P251621560083.tif,b6be624c2af690553efaaceb9352173476e8d4ec70f6328f0265df168eb72bf0,b6be624c2af690553efaaceb9352173476e8d4ec70f6328f0265df168eb72bf0,1758788518000000000,1758788518000000000,True
F:\目标传感器噪声参数估计\data\500ms\P251621570084.tif,3822cb361cbff2e6050d0824da5320aab873d44b244f61cfe122640e12b73bb6,3822cb361cbff2e6050d0824da5320aab873d44b244f61cfe122640e12b73bb6,1758788518000000000,1758788518000000000,True
F:\目标传感器噪声参数估计\data\500ms\P251621570085.tif,6f00ad96a022cb36e907f9b8dce7bc66428c333ed21da120e1f57f31f887ccb0,6f00ad96a022cb36e907f9b8dce7bc66428c333ed21da120e1f57f31f887ccb0,1758788518000000000,1758788518000000000,True
F:\目标传感器噪声参数估计\data\500ms\P251621580086.tif,b8fd37abccef9029bda632dde7dccb1ca77512976e84fcf4dad556412a3a3dd8,b8fd37abccef9029bda632dde7dccb1ca77512976e84fcf4dad556412a3a3dd8,1758788520000000000,1758788520000000000,True
F:\目标传感器噪声参数估计\data\500ms\P251622000087.tif,4673a76b46eceb960c3cff4caf31618877b174d259f5cd3f05d66f6d347bc6cd,4673a76b46eceb960c3cff4caf31618877b174d259f5cd3f05d66f6d347bc6cd,1758788522000000000,1758788522000000000,True
F:\目标传感器噪声参数估计\data\500ms\P251622000088.tif,ec3826d99261c49304ff1d17a9c047bddc5d422fd5e37e9c2bd0b4d84b7a4177,ec3826d99261c49304ff1d17a9c047bddc5d422fd5e37e9c2bd0b4d84b7a4177,1758788522000000000,1758788522000000000,True
F:\目标传感器噪声参数估计\data\500ms\P251622010089.tif,442f902bb0636da20fd64237511becf3bafc48f97b72ba9228e0cb3d57d03eec,442f902bb0636da20fd64237511becf3bafc48f97b72ba9228e0cb3d57d03eec,1758788522000000000,1758788522000000000,True
F:\目标传感器噪声参数估计\data\500ms\P251622010090.tif,cacf549f7e1db7582e409b57ada6f0bb28c00daa8862c5b9d5ee31286ea773a4,cacf549f7e1db7582e409b57ada6f0bb28c00daa8862c5b9d5ee31286ea773a4,1758788522000000000,1758788522000000000,True
F:\目标传感器噪声参数估计\data\500ms\P251622020091.tif,e4a43968f31edfcbc4170be6bb060edf3e3d240751a8aa56058ede52ed5916eb,e4a43968f31edfcbc4170be6bb060edf3e3d240751a8aa56058ede52ed5916eb,1758788524000000000,1758788524000000000,True
F:\目标传感器噪声参数估计\data\500ms\P251622020092.tif,6a08959cf383d051b38fa6e2808f93f4783a3b3fdcef57f44e7c25bf7c35fe47,6a08959cf383d051b38fa6e2808f93f4783a3b3fdcef57f44e7c25bf7c35fe47,1758788524000000000,1758788524000000000,True
F:\目标传感器噪声参数估计\data\500ms\P251622030093.tif,137b23d22671ccdb0d5b22223156f94fcf8323b14f8edceb87f4190b0f3eb813,137b23d22671ccdb0d5b22223156f94fcf8323b14f8edceb87f4190b0f3eb813,1758788524000000000,1758788524000000000,True
F:\目标传感器噪声参数估计\data\500ms\P251622030094.tif,4a9ecee0488459cc37e8863d8d2430b6f07d753cac4c4ab99eb17082d313e040,4a9ecee0488459cc37e8863d8d2430b6f07d753cac4c4ab99eb17082d313e040,1758788524000000000,1758788524000000000,True
F:\目标传感器噪声参数估计\data\500ms\P251622040095.tif,f759608f65bafb8313562aa94f319e49230cb0944dc455328dd490178796d9df,f759608f65bafb8313562aa94f319e49230cb0944dc455328dd490178796d9df,1758788526000000000,1758788526000000000,True
F:\目标传感器噪声参数估计\data\500ms\P251622040096.tif,02aaffa2527faef5539d1b9d9100aceb38fc6870379cd83789651d273a23b212,02aaffa2527faef5539d1b9d9100aceb38fc6870379cd83789651d273a23b212,1758788526000000000,1758788526000000000,True
F:\目标传感器噪声参数估计\data\500ms\P251622050097.tif,3a42aa1222393e68d35b40d7107aa5824850266525038ec5d3c35d4b02881d1a,3a42aa1222393e68d35b40d7107aa5824850266525038ec5d3c35d4b02881d1a,1758788526000000000,1758788526000000000,True
F:\目标传感器噪声参数估计\data\500ms\P251622050098.tif,9c0106814b86766ec57a705b0d381ebf93c5c2fe8de6380a5f3e72e07cb790fb,9c0106814b86766ec57a705b0d381ebf93c5c2fe8de6380a5f3e72e07cb790fb,1758788526000000000,1758788526000000000,True
F:\目标传感器噪声参数估计\data\500ms\P251622060099.tif,e1cba38611d11f6951389dfdce74c2389b206b8d3c98a0e54b1fc8c1a277d259,e1cba38611d11f6951389dfdce74c2389b206b8d3c98a0e54b1fc8c1a277d259,1758788528000000000,1758788528000000000,True
E:\PMRID-Pytorch-main\PMRID\PMRID\Scene1\bright\RAW_2020_02_27_17_42_28_921\gt.raw,01cf0f0f8d011c55c969e3d6556532c2e3986feae322409f5c60132970188ff5,01cf0f0f8d011c55c969e3d6556532c2e3986feae322409f5c60132970188ff5,1605821602000000000,1605821602000000000,True
E:\PMRID-Pytorch-main\PMRID\PMRID\Scene1\bright\RAW_2020_02_27_17_42_47_564\gt.raw,63344104a6077abf9659a2cd40e927fde093e4d8a8d92421ac31ca59724b3c63,63344104a6077abf9659a2cd40e927fde093e4d8a8d92421ac31ca59724b3c63,1605821626000000000,1605821626000000000,True
E:\PMRID-Pytorch-main\PMRID\PMRID\Scene1\bright\RAW_2020_02_27_17_43_01_732\gt.raw,6d4c0f1b882cc6c7a20a637fa6a551e49062fdcd29dcf9063ee7983a18bc3509,6d4c0f1b882cc6c7a20a637fa6a551e49062fdcd29dcf9063ee7983a18bc3509,1605821630000000000,1605821630000000000,True
E:\PMRID-Pytorch-main\PMRID\PMRID\Scene1\bright\RAW_2020_02_27_17_43_17_677\gt.raw,a3124fc90173bc36078fd6e77fb35d2caa53c384fb0cf06aea8800a77f670868,a3124fc90173bc36078fd6e77fb35d2caa53c384fb0cf06aea8800a77f670868,1605821634000000000,1605821634000000000,True
E:\PMRID-Pytorch-main\PMRID\PMRID\Scene1\bright\RAW_2020_02_27_17_43_38_176\gt.raw,8da2412f8c312de36fb331f21b4400f94755e7d1b84e4555d19fa01602203bdf,8da2412f8c312de36fb331f21b4400f94755e7d1b84e4555d19fa01602203bdf,1605821638000000000,1605821638000000000,True
E:\PMRID-Pytorch-main\PMRID\PMRID\Scene1\dark\RAW_2020_02_27_17_45_46_264\gt.raw,2e805c22ed7ff7b9b8174411050d4ee92cf0420693dc09df1ca0862f113fda18,2e805c22ed7ff7b9b8174411050d4ee92cf0420693dc09df1ca0862f113fda18,1605821642000000000,1605821642000000000,True
E:\PMRID-Pytorch-main\PMRID\PMRID\Scene1\dark\RAW_2020_02_27_17_46_06_631\gt.raw,a45b5d32dd07065d0506138a2bda7fce59891a67073132fae2a255bfc5d63024,a45b5d32dd07065d0506138a2bda7fce59891a67073132fae2a255bfc5d63024,1605821648000000000,1605821648000000000,True
E:\PMRID-Pytorch-main\PMRID\PMRID\Scene1\dark\RAW_2020_02_27_17_46_26_870\gt.raw,fa537e8bbcb398e536f723b0c001fa9cb83d8c3eb52da04471f49b9e66d88c5e,fa537e8bbcb398e536f723b0c001fa9cb83d8c3eb52da04471f49b9e66d88c5e,1605821652000000000,1605821652000000000,True
E:\PMRID-Pytorch-main\PMRID\PMRID\Scene1\dark\RAW_2020_02_27_17_49_05_875\gt.raw,116cd0076763dd2140c8f699b6f3383a973d9523d19a57d1f55e6aab8713b499,116cd0076763dd2140c8f699b6f3383a973d9523d19a57d1f55e6aab8713b499,1605821660000000000,1605821660000000000,True
E:\PMRID-Pytorch-main\PMRID\PMRID\Scene2\bright\RAW_2020_02_27_19_29_13_264\gt.raw,b76310e7add9c6b8a8dc92ad73b3cc5974e04104a35e17d525815c439e06802c,b76310e7add9c6b8a8dc92ad73b3cc5974e04104a35e17d525815c439e06802c,1605821668000000000,1605821668000000000,True
E:\PMRID-Pytorch-main\PMRID\PMRID\Scene2\bright\RAW_2020_02_27_19_29_39_650\gt.raw,03783ec536533fd0a2bacd54c5b5c97060f73d045c71714b79e291cfcc07112d,03783ec536533fd0a2bacd54c5b5c97060f73d045c71714b79e291cfcc07112d,1605821674000000000,1605821674000000000,True
E:\PMRID-Pytorch-main\PMRID\PMRID\Scene2\bright\RAW_2020_02_27_19_29_55_304\gt.raw,535609683c284fafae543d4d412aa3cbfd99bf85655060bdd73b1fe9b7006d32,535609683c284fafae543d4d412aa3cbfd99bf85655060bdd73b1fe9b7006d32,1605821678000000000,1605821678000000000,True
E:\PMRID-Pytorch-main\PMRID\PMRID\Scene2\bright\RAW_2020_02_27_19_30_10_414\gt.raw,9a1b7d8a37ba74eb0fd4a0653a22c0666ac44ee8d1e9d74072726709ad06488f,9a1b7d8a37ba74eb0fd4a0653a22c0666ac44ee8d1e9d74072726709ad06488f,1605821682000000000,1605821682000000000,True
E:\PMRID-Pytorch-main\PMRID\PMRID\Scene2\bright\RAW_2020_02_27_19_30_23_151\gt.raw,1111e052e17530a994569aace69c8d23eca39e2d808dafeefe63479937f9d1da,1111e052e17530a994569aace69c8d23eca39e2d808dafeefe63479937f9d1da,1605821686000000000,1605821686000000000,True
E:\PMRID-Pytorch-main\PMRID\PMRID\Scene2\dark\RAW_2020_02_27_19_31_19_084\gt.raw,0f5e338aa9575bac1bff9a88a0fad2f46f8cb2703a7aa1725c80671fe309f42b,0f5e338aa9575bac1bff9a88a0fad2f46f8cb2703a7aa1725c80671fe309f42b,1605821690000000000,1605821690000000000,True
E:\PMRID-Pytorch-main\PMRID\PMRID\Scene2\dark\RAW_2020_02_27_19_31_42_721\gt.raw,031f7263e8cf8fcba4d7b82fffc4f54ccb2dd3644d3ba95d54b22bd2fbbae000,031f7263e8cf8fcba4d7b82fffc4f54ccb2dd3644d3ba95d54b22bd2fbbae000,1605821696000000000,1605821696000000000,True
E:\PMRID-Pytorch-main\PMRID\PMRID\Scene2\dark\RAW_2020_02_27_19_34_15_756\gt.raw,0fcbcd4b10b6854b2c424067f0fe03719a322beec14963b10e3e97f85134e830,0fcbcd4b10b6854b2c424067f0fe03719a322beec14963b10e3e97f85134e830,1605821702000000000,1605821702000000000,True
E:\PMRID-Pytorch-main\PMRID\PMRID\Scene2\dark\RAW_2020_02_27_19_35_13_361\gt.raw,58e895bc16d0ed85e4f7a5749462a8b94afe6082c20327c33f51428f8e10bd92,58e895bc16d0ed85e4f7a5749462a8b94afe6082c20327c33f51428f8e10bd92,1605821706000000000,1605821706000000000,True
E:\PMRID-Pytorch-main\PMRID\PMRID\Scene2\dark\RAW_2020_02_27_19_35_27_325\gt.raw,5edbf6546a88a49abc0a5acca58773b1e760036bfd88a5935b3ec4f1cf34ba9a,5edbf6546a88a49abc0a5acca58773b1e760036bfd88a5935b3ec4f1cf34ba9a,1605821712000000000,1605821712000000000,True
E:\PMRID-Pytorch-main\PMRID\PMRID\Scene3\bright\RAW_2020_02_27_19_51_23_571\gt.raw,c12201841f9503aeade895fa9d49ace2fb64c4b4054b6aa2297e27989578dc44,c12201841f9503aeade895fa9d49ace2fb64c4b4054b6aa2297e27989578dc44,1605821716000000000,1605821716000000000,True
E:\PMRID-Pytorch-main\PMRID\PMRID\Scene3\bright\RAW_2020_02_27_19_51_44_117\gt.raw,790c3f1dec2e7547c5bc8259a24578ccf0ef9ee5fcd5ba61d9a0baf7fecc90a4,790c3f1dec2e7547c5bc8259a24578ccf0ef9ee5fcd5ba61d9a0baf7fecc90a4,1605821720000000000,1605821720000000000,True
E:\PMRID-Pytorch-main\PMRID\PMRID\Scene3\bright\RAW_2020_02_27_19_51_58_555\gt.raw,ef0c275c54384aa7d0af5d175d88954216453b8cfe3e89d19b6523dffbdee361,ef0c275c54384aa7d0af5d175d88954216453b8cfe3e89d19b6523dffbdee361,1605821726000000000,1605821726000000000,True
E:\PMRID-Pytorch-main\PMRID\PMRID\Scene3\bright\RAW_2020_02_27_19_52_11_079\gt.raw,52f381a79b33aece12c4c1e53d46bf162a7cd8d2041a71553cfea7e35cbf48df,52f381a79b33aece12c4c1e53d46bf162a7cd8d2041a71553cfea7e35cbf48df,1605821730000000000,1605821730000000000,True
E:\PMRID-Pytorch-main\PMRID\PMRID\Scene3\bright\RAW_2020_02_27_19_52_21_205\gt.raw,c848e656762ca2ee8a4401b9403e948a69114c04447cbd76afce62df8e7bfdd4,c848e656762ca2ee8a4401b9403e948a69114c04447cbd76afce62df8e7bfdd4,1605821734000000000,1605821734000000000,True
E:\PMRID-Pytorch-main\PMRID\PMRID\Scene3\dark\RAW_2020_02_27_19_53_00_871\gt.raw,a23750ca9a7526b3fdad7e09788e508fe3d6bc1d17add6ef284beee55c5a21f5,a23750ca9a7526b3fdad7e09788e508fe3d6bc1d17add6ef284beee55c5a21f5,1605821738000000000,1605821738000000000,True
E:\PMRID-Pytorch-main\PMRID\PMRID\Scene3\dark\RAW_2020_02_27_19_53_26_938\gt.raw,c9cc3eb21c93c6dde32e795317f22641fef08cb6b06b26f199e58bea27dbb848,c9cc3eb21c93c6dde32e795317f22641fef08cb6b06b26f199e58bea27dbb848,1605821742000000000,1605821742000000000,True
E:\PMRID-Pytorch-main\PMRID\PMRID\Scene3\dark\RAW_2020_02_27_19_56_48_767\gt.raw,cb6d11e8352a60f159270808550c43049942d8f5dae57392dd53d1467aa8f4f0,cb6d11e8352a60f159270808550c43049942d8f5dae57392dd53d1467aa8f4f0,1605821748000000000,1605821748000000000,True
E:\PMRID-Pytorch-main\PMRID\PMRID\Scene3\dark\RAW_2020_02_27_19_57_05_387\gt.raw,5982d1cc946572979ac4fb90e7ee1cc3cf4ca28bcff979e47bda2aa11a178b66,5982d1cc946572979ac4fb90e7ee1cc3cf4ca28bcff979e47bda2aa11a178b66,1605821752000000000,1605821752000000000,True
E:\PMRID-Pytorch-main\PMRID\PMRID\Scene3\dark\RAW_2020_02_27_19_57_17_976\gt.raw,c0329dec15729a77a5f1c88a24204e9eda72f382723dab3445b149e929d1ab04,c0329dec15729a77a5f1c88a24204e9eda72f382723dab3445b149e929d1ab04,1605821758000000000,1605821758000000000,True
E:\PMRID-Pytorch-main\PMRID\PMRID\Scene4\bright\RAW_2020_02_27_19_59_32_599\gt.raw,10cbdb42eaf1f6793f0899e311611267e3f472976b07d70916c63712da35ad70,10cbdb42eaf1f6793f0899e311611267e3f472976b07d70916c63712da35ad70,1605821762000000000,1605821762000000000,True
E:\PMRID-Pytorch-main\PMRID\PMRID\Scene4\bright\RAW_2020_02_27_19_59_53_615\gt.raw,521cb781d4b87ac32825088d566a2ff391df7181d9bda1b0991d50d16343f7ff,521cb781d4b87ac32825088d566a2ff391df7181d9bda1b0991d50d16343f7ff,1605821766000000000,1605821766000000000,True
E:\PMRID-Pytorch-main\PMRID\PMRID\Scene4\bright\RAW_2020_02_27_20_00_07_147\gt.raw,a75443edd18768cdd023e161bbc5333e532b69c7d30b3f7c77238c811c60443b,a75443edd18768cdd023e161bbc5333e532b69c7d30b3f7c77238c811c60443b,1605821772000000000,1605821772000000000,True
E:\PMRID-Pytorch-main\PMRID\PMRID\Scene4\bright\RAW_2020_02_27_20_03_21_540\gt.raw,c5ac24fca1b7980679f5db1a3a8f278f4466e1ebbc68918c3672a73d08e1542a,c5ac24fca1b7980679f5db1a3a8f278f4466e1ebbc68918c3672a73d08e1542a,1605821776000000000,1605821776000000000,True
E:\PMRID-Pytorch-main\PMRID\PMRID\Scene4\bright\RAW_2020_02_27_20_03_34_518\gt.raw,9a68829473b26699d492ed7c9ad3d99f210f0a51343d391d42653c1fe25f35ea,9a68829473b26699d492ed7c9ad3d99f210f0a51343d391d42653c1fe25f35ea,1605821780000000000,1605821780000000000,True
E:\PMRID-Pytorch-main\PMRID\PMRID\Scene4\dark\RAW_2020_02_27_20_04_19_178\gt.raw,68ff6936163f17ac346bb85a16f4f9be029070098cfc0ea2d21e94172275adb8,68ff6936163f17ac346bb85a16f4f9be029070098cfc0ea2d21e94172275adb8,1605821784000000000,1605821784000000000,True
E:\PMRID-Pytorch-main\PMRID\PMRID\Scene4\dark\RAW_2020_02_27_20_04_48_088\gt.raw,0bfedf9d047a27d21f75e830d4b0ef5cef58898bd0e1b6389f13d5ff6da0031e,0bfedf9d047a27d21f75e830d4b0ef5cef58898bd0e1b6389f13d5ff6da0031e,1605821790000000000,1605821790000000000,True
E:\PMRID-Pytorch-main\PMRID\PMRID\Scene4\dark\RAW_2020_02_27_20_05_11_434\gt.raw,ed2c7f9d2942462744c5749e009423f0b6d065f8a31f8b4744b2ac699e65103f,ed2c7f9d2942462744c5749e009423f0b6d065f8a31f8b4744b2ac699e65103f,1605821794000000000,1605821794000000000,True
E:\PMRID-Pytorch-main\PMRID\PMRID\Scene4\dark\RAW_2020_02_27_20_05_30_119\gt.raw,22b5dca26ccae4c73bd96ae1eace82e66dfdb1e3669b67d3348e596896ec45a5,22b5dca26ccae4c73bd96ae1eace82e66dfdb1e3669b67d3348e596896ec45a5,1605821800000000000,1605821800000000000,True
E:\PMRID-Pytorch-main\PMRID\PMRID\Scene4\dark\RAW_2020_02_27_20_05_44_722\gt.raw,5733b6cfcab46a55e5d512039a97f7c19eeaa1fcc066a199dbfab48e0876c227,5733b6cfcab46a55e5d512039a97f7c19eeaa1fcc066a199dbfab48e0876c227,1605821804000000000,1605821804000000000,True
